Col1,Col2
1.23456789,red
7.852010941,black
18.86824983,red
10.72833212,blue
10.88687388,white
10.80046236,black
8.540974302,red
22.94436072,purple
8.933338552,pink
8.886707036,magenta
11.92927988,purple
19.34426008,blue
23.04628363,red
20.30661994,red
25.29711101,magenta
6.282546359,red
20.0042892,green
8.326653483,green
17.55554628,red
22.56779503,magenta
20.23008687,white
15.02875144,black
10.66981277,green
11.91251597,red
7.140953784,white
10.7400026,white
6.794078593,purple
18.70750983,magenta
10.64063955,magenta
18.25169326,magenta
20.37463964,green
11.01950827,pink
11.13722568,magenta
7.226877126,purple
20.94561506,pink
21.94631752,purple
7.681319322,red
22.57443386,white
21.47371679,purple
20.16056101,magenta
19.35013585,blue
13.03682655,red
22.40383186,white
20.11230418,purple
11.83077796,red
20.40545434,purple
21.73808509,pink
8.999944481,green
23.64986057,purple
21.25029651,pink
7.544272328,magenta
18.9195098,red
13.13488088,purple
9.894087586,red
12.35522333,red
18.91083178,blue
20.96450475,black
21.2837324,pink
16.67275888,black
8.987250138,white
18.62609884,blue
13.84433484,black
17.53004949,red
24.43829039,white
16.44810873,green
21.70798553,pink
13.67002232,green
11.8603363,red
21.5748776,red
21.78849679,black
10.52797352,green
21.61753489,black
19.25307647,green
6.798614998,pink
9.090587288,purple
23.70676114,pink
16.90329034,magenta
22.80924236,purple
16.21522551,red
10.38117601,red
22.28144375,purple
15.82796617,red
10.19691601,black
17.30487808,red
16.04508633,green
9.515243603,red
11.78861118,red
12.66392624,magenta
10.77048809,red
12.63692033,red
10.26300485,purple
20.69568113,pink
22.47358359,blue
11.19067339,red
11.85588278,red
23.40700159,purple
18.55184445,white
20.81713174,green
21.06932012,blue
9.907114126,white
10.63795654,pink
23.01374822,white
11.0911515,red
10.44053241,red
18.80772435,white
20.56267603,red
20.99379089,white
21.23319818,red
18.48191608,pink
9.774307567,red
8.073647519,black
10.12325461,black
11.03967755,red
8.416943759,white
19.66352233,blue
8.918633039,red
24.65140002,red
23.1679237,red
11.55655198,red
20.18775655,red
15.65377974,black
6.748090988,red
17.40120035,red
20.6821887,red
9.765175449,magenta
9.458446718,blue
22.55842609,white
25.11883106,pink
21.18855043,red
19.50606485,magenta
16.62466389,blue
10.21162782,red
11.53799978,red
18.55376073,pink
19.49727157,pink
8.296027853,red
9.173407912,magenta
19.4407143,red
11.62179085,pink
12.98231665,red
6.463738437,blue
10.052335,purple
22.30707784,green
16.66555863,red
21.00355922,white
24.05115568,blue
21.90882914,black
9.549266144,magenta
17.17161298,purple
8.804116289,green
21.64395627,purple
10.87164127,blue
10.70828415,black
21.28873518,red
10.3417481,purple
13.53333125,blue
9.709519373,pink
19.13089849,pink
16.80815323,blue
21.71788698,black
9.289783625,purple
9.573666758,magenta
18.26263437,red
19.9619068,black
23.84871614,red
19.46956472,black
23.50674109,black
18.74455511,purple
8.866598995,pink
11.46901235,red
5.619955806,pink
8.780665949,black
11.96120405,magenta
7.537715488,black
8.72473539,purple
13.27909652,purple
23.09661885,green
24.20891096,red
16.68891803,red
17.65140166,pink
7.502114992,black
23.35577391,green
17.99398863,white
21.41017058,blue
21.60191706,magenta
15.83738935,blue
19.4548921,red
18.25729079,magenta
21.36348128,pink
13.06030541,magenta
17.38498056,pink
9.282697092,white
21.90233661,red
9.004772647,purple
21.08381968,white
8.345932299,pink
11.49705878,green
16.26914355,black
24.12561422,purple
9.195870469,pink
21.3364364,black
17.21300878,black
9.182254657,white
21.32716427,red
14.31611504,purple
10.52570354,pink
20.7985368,green
19.45918423,magenta
11.09972943,purple
18.05355024,green
9.33634846,pink
8.118921626,red
11.67512576,black
8.133143816,green
18.49350657,black
21.14857722,red
13.50338216,pink
11.66862143,purple
19.44844124,magenta
18.79482847,magenta
19.11369769,pink
10.53754455,black
21.54112247,black
19.43550173,white
19.06503176,red
14.51461167,magenta
14.68436447,white
25.05677069,pink
19.07993642,red
8.21365668,red
8.236520055,magenta
6.716906063,red
9.867906124,black
9.443352631,white
10.84535403,green
7.564674686,black
20.51014717,white
20.82397507,red
9.307658961,blue
12.98984958,black
8.409054487,magenta
20.72014982,pink
22.28118123,purple
10.0563207,pink
20.20934256,white
8.986660556,black
10.63638513,purple
10.60973727,green
8.999836878,blue
20.43598226,green
4.716623141,blue
21.05730854,red
18.95220872,magenta
18.67858805,pink
12.82670519,blue
17.6968104,pink
18.31116188,magenta
10.82734556,red
9.20703367,magenta
10.44516675,red
10.65429875,magenta
17.84924499,red
9.172635224,purple
19.82222159,purple
10.64584725,black
10.0039273,magenta
9.339697922,pink
8.560455251,pink
16.95925449,blue
9.704467538,pink
7.510839556,pink
11.9867384,blue
7.141869082,purple
14.97981355,magenta
10.68874864,blue
17.06949232,blue
11.3671824,black
7.713750192,blue
12.79321282,white
16.86605678,green
8.558108393,red
24.36809173,red
8.861757995,red
11.21448897,green
20.12572732,red
24.21613424,black
1.23456789,red
8.11996813,black
12.37979121,purple
9.617478427,black
20.00794134,pink
18.91875848,black
13.24423835,red
15.15963617,red
12.03599313,black
11.98224401,magenta
9.184035341,green
14.57121537,pink
12.66704764,pink
5.494716317,pink
10.95867377,purple
9.649673986,magenta
23.19819783,red
9.601295271,red
12.88208261,green
10.26977829,white
20.81936144,pink
26.81723453,red
18.67939835,red
16.60112106,green
9.272138,white
15.44425559,magenta
11.88690152,magenta
26.8888419,blue
17.5181959,white
8.122285848,red
13.16422856,blue
18.0759627,red
6.698560996,blue
22.00648556,red
7.758655919,red
19.22023604,green
24.32963945,blue
9.76847056,red
26.04734599,red
12.01530569,red
5.747610274,green
13.0351364,purple
11.42398272,red
13.22447115,red
8.909402917,red
17.61648145,red
17.78835608,purple
20.64013281,purple
10.41842965,white
17.36445204,red
18.06482292,red
21.5633865,red
7.731379266,magenta
8.491522267,red
20.56856843,blue
11.88010405,red
8.84586349,red
7.675052492,blue
26.30987958,purple
19.56892038,red
24.75039072,black
21.31051646,magenta
20.42021788,pink
12.19411617,purple
7.832325664,magenta
22.89637254,white
21.01472826,red
10.29375086,red
9.313463932,red
10.85459218,white
8.405346931,blue
6.941625919,green
8.459750377,red
10.9680771,purple
20.76629539,purple
12.48009629,purple
10.83276809,purple
11.24995749,blue
20.70564078,red
24.78513534,blue
16.42117583,red
19.82752339,black
9.307491423,white
8.47855959,black
19.97366683,red
22.71422911,red
21.73213219,magenta
21.72878678,pink
12.5877109,white
9.896366749,blue
22.53988932,red
21.66557573,pink
23.11028466,green
21.45202504,magenta
24.86418227,blue
8.302151126,purple
24.72643896,green
11.92112995,blue
10.04947157,red
22.75484067,black
6.488815184,black
14.26356532,red
15.8638046,white
9.559841113,red
19.6101544,purple
9.28723742,purple
7.733825275,black
10.0342589,red
10.3888276,white
8.031604246,green
16.09992286,magenta
22.91295953,magenta
21.72109626,green
9.795667181,blue
7.542864428,red
16.80676611,white
21.79120175,purple
11.98585135,red
10.58369643,red
20.99631627,red
17.02637525,magenta
22.20449896,white
8.966541062,black
16.35223981,blue
14.83153705,blue
6.746011272,red
8.34849908,green
21.14532554,purple
9.360054461,white
8.839706504,purple
21.95521876,magenta
25.07198635,purple
18.34953312,green
23.21840981,pink
12.08077257,white
24.69963351,blue
20.91728383,red
18.55824433,green
23.19971158,red
8.015808137,magenta
17.95204899,red
18.69819393,pink
10.92646178,red
9.584075334,white
13.61487482,red
10.94336189,white
7.730765372,red
21.93957569,red
19.81539568,purple
15.24567223,pink
22.63588868,red
11.40435966,blue
19.30038038,white
17.99906823,green
10.79694502,red
15.97570275,blue
25.11061981,green
17.8127423,magenta
8.342442788,red
19.03868253,blue
21.54926036,red
22.21951858,purple
19.85051388,black
8.489641662,green
17.11409105,pink
14.28598144,magenta
10.20968249,purple
17.70198807,red
8.355323616,red
20.57789469,pink
8.667648589,magenta
17.26560049,red
14.04548156,pink
22.25739591,purple
22.00969643,purple
12.17443105,black
15.89653603,purple
22.27901724,purple
22.14571403,purple
21.13711314,red
9.570457041,red
11.86424899,red
17.69887506,red
12.23975932,magenta
13.42926837,green
23.829367,red
16.38089153,white
17.01805856,purple
18.63368461,pink
20.55994268,purple
11.26075536,red
25.69433013,red
10.25730516,magenta
8.840929163,white
10.76237483,green
13.51038801,red
23.26773223,red
22.31876865,green
6.608457693,black
20.54323872,red
12.02350097,green
19.47158054,red
12.67518576,black
9.527605393,red
10.72156727,red
13.34796633,purple
10.79688721,magenta
9.319334289,pink
10.8303333,magenta
19.24240375,red
17.80002913,red
11.84796608,black
6.572489702,pink
19.24773574,magenta
20.67043198,red
18.65449268,red
20.82133046,red
23.47801065,red
7.290432948,red
12.67313209,pink
7.674485188,green
11.30028855,blue
12.67168231,red
14.60344637,green
11.00805797,purple
8.565067706,purple
9.484807948,blue
12.3104384,red
7.214934513,magenta
10.5390037,pink
22.26629233,purple
9.520306173,red
11.40731573,green
21.21312928,pink
19.55396414,pink
12.56729891,blue
8.892125833,white
11.76334201,red
5.952117023,blue
10.39567235,purple
7.774975438,green
10.4199115,magenta
16.66737936,magenta
18.77686499,red
10.0439074,green
21.96385396,blue
21.79808112,purple
17.64426279,red
16.96416496,green
19.67033359,green
9.48128302,red
19.67354819,red
25.57805862,purple
19.98219393,magenta
11.60253063,red
12.51499767,white
15.3110702,red
11.11317159,pink
16.66519636,blue
17.77414835,red
9.596656925,red
19.03200343,white
6.359210813,pink
21.21746126,white
9.723947509,red
18.53739113,green
22.77526519,red
25.15564221,white
22.52334085,purple
11.6182072,green
10.29858377,black
10.97651386,red
19.69705819,red
20.26025121,red
13.73361971,red
20.10650478,white
10.96530613,pink
19.15744698,white
12.26743231,red
14.49334883,red
8.346154482,pink
9.304007189,pink
9.744646689,purple
24.38897316,magenta
8.261292515,red
18.85803375,red
13.53955591,white
18.96628008,pink
18.3502247,blue
12.10777795,magenta
11.37598734,red
19.66175843,purple
12.57678373,red
18.26283626,pink
10.50769049,red
25.71134544,red
16.52779988,magenta
11.44695539,red
14.50800163,magenta
9.770793144,magenta
9.91164289,blue
17.10187433,blue
17.72726591,red
13.1953226,white
7.200602251,blue
7.344925723,red
11.68579766,black
22.05883129,magenta
15.25130155,red
23.31665599,magenta
6.290866013,red
19.83874158,green
24.84380561,pink
14.84606921,black
11.77877496,red
24.96268538,blue
16.55263991,pink
6.242874206,green
9.49707006,purple
21.39576712,white
12.16375783,white
19.90127984,red
19.98252826,magenta
18.30008419,pink
10.29808603,blue
11.38928841,red
10.44796488,white
11.10100401,red
13.02707149,red
9.013983582,black
10.09360391,white
19.34080479,red
19.30038296,red
12.36800677,pink
21.16105875,blue
9.299636721,red
20.01790597,green
8.106082251,red
11.87224992,white
25.3991539,red
22.05822804,red
11.02686139,pink
20.73805437,green
25.21946665,green
19.08806689,purple
5.690205796,red
19.33787485,black
19.22144737,red
22.19781111,black
9.480612556,red
19.82111213,green
19.18576018,blue
11.01747028,purple
11.88435976,magenta
15.62390317,red
20.73586896,red
19.33334327,black
23.36842565,purple
13.02762409,pink
9.516055572,white
14.94501748,red
20.04561108,blue
11.34053154,red
12.81430739,white
10.42514682,magenta
23.26459346,red
7.829881553,purple
19.4658605,white
8.98661655,white
8.637948688,magenta
10.94852869,black
23.37773858,green
21.52117027,green
8.444502373,red
18.82590877,black
21.55951685,black
18.93537423,blue
21.01083493,green
6.734999249,blue
25.37996674,red
19.74653862,black
10.96414968,red
12.10070769,black
18.52314116,red
12.54025037,white
18.60705864,red
22.62979817,pink
19.42294239,red
18.54695448,white
7.83800324,magenta
11.82890681,pink
8.289142587,red
18.85820007,black
7.459866916,purple
5.823253717,purple
11.96312769,white
20.79553754,white
22.74013144,white
27.43884159,white
8.18680753,magenta
18.37767113,purple
16.15486184,black
12.30698311,white
10.47678065,red
20.02077767,white
7.53691968,blue
11.83285449,purple
11.64343602,pink
8.393020022,red
18.02074356,blue
12.28267816,blue
8.802614358,magenta
26.46352033,white
11.03877098,red
13.83054909,red
6.993561534,black
19.45160543,blue
20.55058279,pink
9.635079402,purple
20.79131099,white
9.39749254,blue
11.64960308,blue
24.44246542,black
20.87210223,red
18.8585082,purple
9.708525987,blue
24.28604881,red
7.649529651,green
12.01347684,purple
12.00652085,purple
9.648025699,white
11.69503417,purple
15.94281977,red
20.02364265,pink
11.05837707,green
16.27860951,pink
7.201649335,red
19.63543838,red
17.73616529,red
9.921021168,white
13.27932514,purple
18.04526664,red
10.59531869,blue
19.26895726,red
17.99528895,red
13.08620444,magenta
11.50969556,blue
8.877298594,purple
22.54789782,magenta
22.1159644,magenta
23.53751679,pink
7.651190583,purple
21.27517511,green
11.19781791,green
10.8977238,white
17.96288845,green
10.04844032,red
8.296825362,white
8.429822071,purple
20.66748903,green
9.077719831,magenta
22.31913993,green
8.484127132,red
19.10836368,red
20.40356641,green
11.58112176,blue
20.7160508,white
17.52259969,red
12.94615499,red
13.75379156,white
11.86173921,red
9.904942914,green
25.28160781,magenta
16.34726517,magenta
8.465978071,red
12.14368403,red
7.571240177,red
21.98347756,pink
18.34025215,red
20.75750664,black
21.11302487,black
8.993656711,pink
19.52590633,green
22.59155685,green
12.04709434,green
22.0536672,pink
8.45308616,green
21.61615882,red
18.5142952,pink
21.08907715,blue
19.94555179,red
9.574035189,red
10.02168462,black
25.19616435,red
17.10546081,red
23.25361074,red
9.120309616,purple
19.02952038,purple
21.32922855,pink
7.905706419,magenta
22.80570412,white
5.438682704,white
15.46709635,red
18.35208804,red
18.99874168,red
20.76018659,red
11.14166299,green
13.24182902,green
6.85996373,magenta
18.24359768,pink
9.204490453,red
21.85141993,magenta
21.2410101,red
10.49671144,red
23.39605379,blue
25.02050562,green
20.95606643,red
18.75448115,red
10.6823233,black
9.099945351,white
12.30400584,red
20.92137091,red
8.362328679,purple
16.1911435,green
8.979856906,green
8.793539458,green
21.87034726,purple
20.24822614,red
18.02376648,purple
7.818857666,pink
25.2885488,blue
11.87524993,red
20.22599809,blue
11.92175361,red
19.26659943,blue
10.9049026,red
6.877499831,pink
16.67320128,blue
9.779824355,pink
26.67450752,red
23.8264024,magenta
14.90243921,pink
16.3643307,red
16.30976042,purple
11.47342368,pink
11.7341231,black
19.63814026,red
14.32204425,black
9.505032582,red
15.04957602,green
21.89468289,red
21.57117188,purple
9.92701457,blue
12.96757046,white
9.45743688,red
10.43253028,red
22.2553124,red
21.00013701,blue
9.683419584,black
8.280677706,pink
8.461966795,magenta
12.12259148,blue
9.143259215,red
17.49499226,red
12.56398326,green
16.32892307,red
20.21885238,blue
20.26901546,red
10.5719274,red
20.05517544,purple
25.3428357,magenta
12.15896073,red
20.50977761,purple
17.74914863,red
21.11346414,red
9.024060621,magenta
4.426368532,green
7.883340798,red
9.561557199,purple
4.558599311,magenta
12.26377964,white
24.06549721,red
10.68064678,red
19.13688072,black
12.46529767,red
24.02607542,blue
7.132202402,red
17.83510746,red
12.01196869,white
8.171805928,purple
24.55017745,red
9.52708865,purple
22.70934333,black
6.503481693,red
11.24009219,purple
9.006427581,white
19.50404719,white
21.26347716,black
9.700968117,black
10.51462193,blue
20.48076267,blue
24.80003183,red
10.37217622,green
23.0722795,red
11.43655014,red
25.41204618,pink
20.00218049,magenta
20.15909456,red
11.36029302,red
20.36032521,red
9.485806105,red
8.320406202,magenta
12.03659137,pink
11.74397284,purple
16.24756672,red
27.49923397,black
10.75635713,red
18.01560771,red
26.42379915,red
18.42467203,black
19.37975502,green
20.83058927,magenta
12.28148644,black
19.96619115,white
19.5766911,blue
7.465765571,magenta
10.45499122,magenta
23.46978714,pink
7.48810862,white
10.18315163,black
17.10227217,white
19.78074429,black
8.432998064,red
12.02073304,purple
17.71019522,green
7.164056049,red
16.67256722,red
19.96265378,purple
18.91298427,red
9.175298652,red
12.47130992,black
12.20456854,white
13.89131549,purple
19.29951087,red
7.489996487,white
23.3246942,blue
21.99009818,black
9.919007635,red
20.24657369,red
21.70531378,red
17.77976335,green
21.70764767,green
10.85922859,black
20.63225247,white
7.389460505,green
11.47042895,white
12.11715335,red
8.874867673,black
15.75222821,blue
21.65281578,purple
9.633827488,white
10.0202623,purple
9.482612776,red
23.02647086,red
20.6221629,magenta
17.87567838,blue
21.98402304,purple
19.5286349,black
9.17552681,white
19.37387106,white
22.81179849,green
6.345519201,red
22.50128643,red
10.56366066,red
17.87997898,purple
19.08941677,magenta
10.04499546,red
13.64071548,magenta
18.83522796,blue
6.768342703,magenta
20.85280525,blue
20.2910059,green
10.80870723,black
14.20611242,black
9.798982126,black
21.44535439,white
18.84353681,red
24.67949657,black
20.05938506,red
18.82463797,blue
23.66702011,green
17.57723122,red
24.13773027,green
18.16097003,magenta
21.18002904,red
20.61181515,red
10.87831865,green
11.76525909,red
7.57199769,green
14.20862206,black
10.32689403,black
9.166925853,pink
7.187178364,red
15.55601572,red
13.87457924,red
10.97169564,blue
11.23619785,purple
18.50625217,white
21.20188362,pink
20.05834983,black
10.32913231,red
17.78254426,red
10.38705973,white
10.57827393,purple
12.99694073,red
16.75938154,magenta
8.108616186,green
27.80490525,magenta
25.11016397,magenta
8.454396155,green
19.0284583,white
13.53646823,magenta
21.75473218,blue
22.29595867,blue
24.28879618,blue
22.16617101,magenta
21.40157428,red
8.441990871,red
24.71199506,blue
24.87063505,green
18.0775328,red
11.28714019,purple
7.094363363,pink
7.768525695,black
12.76104902,red
8.836479966,blue
22.2271353,magenta
9.472544036,red
20.71794147,white
22.36020375,white
18.59616207,purple
21.60823711,magenta
19.41931953,red
9.095637701,red
10.74655895,magenta
21.73214766,pink
10.8409241,purple
20.00124504,red
19.87557277,black
7.048940281,pink
13.68421878,red
19.97489707,magenta
18.62023451,magenta
26.75808488,purple
11.06977061,black
5.243267998,red
13.08945125,red
25.27588965,magenta
12.97645548,white
13.67817634,red
11.08047951,red
5.944267807,purple
11.80884675,pink
19.84911183,black
12.25096103,blue
10.70180175,magenta
10.92836519,magenta
17.77626631,black
19.97951707,red
22.35564424,blue
22.29152481,black
7.920919928,purple
19.68672681,blue
9.876823804,white
9.433468434,red
21.40659288,purple
12.10255064,green
20.25198161,red
9.564803151,red
23.32576026,blue
11.90536225,red
11.54325277,green
21.8649759,green
20.61699525,black
10.28587163,red
10.80900449,pink
12.3044196,blue
17.00063521,green
10.65504088,white
7.818777008,green
7.696992795,blue
23.64900954,red
10.23237377,purple
21.05888643,red
25.11782696,pink
9.816978255,blue
19.58674327,red
11.9790599,white
17.58652661,purple
8.485302153,green
11.64239617,magenta
17.29637834,white
14.73702231,green
12.36570619,red
11.04170828,red
8.712245946,black
18.96497363,green
17.67092379,red
17.79778405,magenta
12.04247127,red
9.191296952,red
8.663689709,red
23.45465164,pink
20.94089191,pink
20.13665873,purple
11.60527566,red
9.690192978,red
19.75024149,purple
18.38098567,blue
18.22709084,white
21.05527522,red
10.38749069,green
17.18583948,red
18.98274103,purple
24.59755619,green
20.54595898,green
21.28742887,magenta
9.098924185,black
23.15975155,red
17.92597385,red
10.6567822,green
23.02075111,red
21.10766054,purple
21.96609993,green
13.53648022,magenta
13.15079468,purple
17.22343375,red
9.03358317,black
18.65205773,purple
10.35383628,red
21.10716288,red
15.43478462,red
20.57774043,black
8.28606727,black
14.15784421,blue
21.07810727,red
11.04519661,green
22.2436551,red
9.942201326,pink
6.864555012,white
17.4956174,white
6.702274564,pink
21.72213856,red
8.436639311,purple
20.43508747,red
13.03252683,white
24.07102594,green
21.37565235,purple
16.84402729,magenta
10.40789852,pink
18.52121242,magenta
10.29373712,black
11.2022298,purple
7.533837159,black
12.78677845,purple
21.031272,purple
17.73037935,pink
18.72860122,white
10.0591231,white
9.52888907,purple
8.50566143,blue
15.04321039,purple
11.00756881,green
14.30690667,white
18.47796738,white
9.409212209,red
23.67031463,blue
8.56960959,blue
18.35304256,blue
10.06983349,purple
11.32208218,white
17.96543825,red
16.56004963,black
18.48712946,pink
8.939111332,magenta
22.78654656,white
15.33156067,red
12.14191608,red
17.69747661,red
9.036431254,magenta
9.964675556,red
12.3230566,red
17.26897301,red
8.084083854,red
10.63599731,green
11.75527315,blue
12.89600081,red
19.98408097,red
11.26476724,green
20.58267796,magenta
8.382708281,red
22.25409268,red
19.8314821,blue
14.00217422,purple
20.11735218,blue
24.73386507,red
9.789467395,green
26.66662733,red
17.98249828,white
8.091200298,purple
11.02999814,black
11.74776204,black
10.40199935,red
8.803485518,red
22.46942082,blue
11.27203884,red
6.383258441,purple
24.18599096,white
7.278973221,black
11.11263796,blue
9.450441616,white
7.903120838,black
22.02580054,green
11.29055792,red
14.69422164,red
18.99294358,white
7.120480229,red
25.72821612,white
11.532495,red
7.664097898,purple
8.811855355,red
9.094314397,white
19.60116028,red
10.10001652,pink
23.07963055,green
16.78939638,black
11.33760654,red
12.18812807,white
10.91200674,red
19.61607094,white
20.90365185,red
13.96705676,red
21.57818945,magenta
21.96890817,magenta
7.139632508,blue
10.56989543,black
21.04864172,black
24.04581118,blue
13.88150248,black
8.985768774,green
23.18873874,pink
14.85638522,green
9.793626699,pink
20.61905178,green
11.95536407,pink
20.74518606,red
12.34143147,blue
24.06842341,purple
13.34061898,purple
17.58377701,white
10.21391005,purple
21.18331715,blue
9.461494658,blue
19.75544,green
17.71224062,magenta
20.38783502,blue
18.39648564,black
9.373264909,white
7.26291059,black
10.70896673,purple
21.93198456,green
11.40083629,magenta
18.41257994,white
9.962769832,red
19.14388308,green
26.6151588,pink
22.08538562,blue
16.90262316,red
16.30457932,black
12.22044365,black
22.80756072,magenta
22.39929644,green
10.91634479,red
9.794371189,white
11.57066113,magenta
7.034486942,black
11.07516734,green
24.70868455,purple
19.26651762,magenta
17.81679812,black
18.96527615,blue
17.19546722,white
9.681820182,magenta
6.21219293,purple
13.58229413,red
19.55137061,red
19.48780807,red
15.26135022,pink
23.42916398,black
17.88096028,magenta
10.92451005,blue
14.0059228,blue
7.391012644,black
11.43201811,magenta
8.166430272,blue
10.44516298,magenta
23.58595704,blue
8.898108899,green
19.77348965,blue
20.32565747,blue
18.46432974,green
11.67487944,red
14.85368038,red
20.60857862,purple
11.21083529,red
10.35629931,blue
10.59620648,black
8.581546912,magenta
14.73885478,red
11.89678314,purple
11.59811299,black
20.00217787,red
17.68795389,white
12.60449227,black
19.99729736,magenta
17.50301046,red
11.13989786,pink
9.657446482,red
19.86113096,magenta
21.37679943,blue
21.11013669,red
8.209005441,purple
11.7560381,purple
22.5548311,blue
7.355683608,magenta
20.23520527,green
17.89103168,black
12.38750394,red
20.42354478,red
10.52182805,green
10.89070141,blue
16.51935929,red
19.038159,black
10.77138311,red
6.915649912,red
19.12465471,blue
19.83205731,green
9.306792567,blue
19.7489361,red
18.78251309,purple
20.4110265,magenta
10.28573575,pink
22.01451275,black
8.244853381,white
12.75917482,purple
9.400496645,pink
10.55985895,pink
17.6468007,purple
22.06457358,red
18.72893835,red
17.37172485,green
18.6883913,blue
15.43467948,red
14.0105567,purple
12.28881468,green
20.80240741,red
10.40697774,pink
17.89916412,red
20.89852214,purple
16.89977108,black
21.40486915,red
19.21121829,green
10.29319875,red
18.47946932,white
13.61262469,red
8.511140976,red
10.76183543,black
23.55306316,purple
20.09074114,green
22.29516821,magenta
21.390786,magenta
22.06842475,pink
23.56788774,pink
10.62753892,blue
18.23979444,black
9.81058526,magenta
16.52040508,purple
22.14712646,magenta
18.53871393,blue
12.596614,pink
7.275233285,purple
21.03830393,pink
9.950824182,red
23.42999733,red
10.22934693,pink
23.08535021,pink
10.8494213,purple
24.78745721,green
6.449255786,white
14.90096358,black
24.63381499,purple
11.03809466,magenta
15.92875098,pink
19.9468557,pink
12.79900871,red
20.79742747,red
9.710848155,red
23.38588872,black
8.651444863,magenta
6.379947132,red
12.49293469,blue
20.76170669,white
17.53845985,red
7.271714079,red
10.41038718,green
8.71953695,black
14.69422384,purple
24.16393853,blue
17.42347971,red
12.06581656,magenta
21.53139615,pink
19.04712721,red
17.57139361,white
18.27893106,pink
9.154709226,pink
8.905827648,red
11.64047796,red
23.99826487,red
22.90032929,blue
11.20944318,red
11.70336609,red
22.77775581,red
18.82149561,white
24.09005896,red
17.12368608,pink
22.21510275,red
17.87815773,blue
25.3504385,green
15.08135132,red
17.10019794,white
11.96161887,green
25.12314386,black
10.85116508,pink
11.68932116,black
9.485557347,green
9.697471574,purple
17.57173846,blue
7.980198263,red
9.374814271,magenta
10.40123497,white
13.86092508,red
11.71012047,red
11.12368805,blue
20.65556369,magenta
10.31218101,red
10.90403864,magenta
16.50255579,magenta
24.16369355,red
8.163489049,white
10.19059944,purple
13.06174168,red
20.07403085,purple
21.93661092,red
21.24585025,black
18.7183977,white
9.540761009,magenta
10.27920137,red
8.995052688,pink
18.51253726,black
8.502663646,purple
4.602459553,black
10.14478135,red
8.3780423,purple
17.12935191,blue
11.47556395,red
24.57178169,blue
8.788001669,black
8.399949605,white
13.76967608,pink
11.31976859,red
13.16758667,red
20.38990709,pink
24.94210535,red
18.59970704,red
19.95576956,red
11.72155888,red
17.1938393,purple
14.90341661,green
22.82309174,red
16.81638541,white
20.82900861,pink
9.066502678,green
10.06856014,blue
12.94883662,red
5.170211435,white
18.88466527,magenta
10.95430726,red
17.36345669,magenta
7.488274371,red
8.7394942,white
11.56961566,magenta
7.617778699,black
8.669039743,red
18.29131851,purple
10.07785696,black
9.64769711,black
18.54160548,red
15.22123746,magenta
27.04793661,red
19.04932436,green
11.04048077,blue
7.923710446,pink
11.20670776,black
12.92560004,red
12.0117503,red
13.93394696,red
16.14078192,red
10.05462197,white
15.35942893,magenta
7.019369391,green
10.18783982,purple
21.11838847,blue
10.79682204,black
17.59727233,blue
19.99695908,green
10.45995457,green
8.730194239,magenta
9.595608556,red
18.82024293,red
12.08890114,green
20.30369463,magenta
28.99744681,magenta
18.80031838,red
12.29833534,red
22.43086755,purple
8.107357846,purple
21.13803463,magenta
11.13280988,red
19.22285646,pink
9.258935787,green
18.49820851,green
21.95235872,red
20.83419718,white
20.4476897,black
25.26027472,red
11.61916117,red
9.542548151,magenta
16.96327742,red
23.82100432,pink
11.19201217,red
17.22044272,pink
20.76373513,purple
20.94080597,magenta
23.18025962,pink
20.85921653,red
20.78092491,green
25.14219876,pink
18.5665543,magenta
23.05652555,green
20.72101913,green
23.77255649,black
9.704554462,pink
6.32457325,pink
22.38409136,red
20.01808562,pink
9.392151674,purple
6.952089205,black
22.24960589,purple
11.43530432,purple
18.11241094,green
20.62852261,blue
22.49523596,red
27.04694924,pink
21.80323605,white
12.68401169,blue
8.712940533,magenta
9.784896724,red
12.18758984,pink
14.94804295,black
24.05152877,red
22.40995518,magenta
14.11518952,blue
10.4788038,magenta
10.62735534,black
14.73306937,white
21.86760448,red
11.89011695,blue
20.57371543,purple
22.53099938,red
18.52830591,blue
12.61998339,magenta
4.577800418,red
11.31330797,white
12.55862553,blue
6.342627194,white
20.26226481,red
23.999993,blue
21.61371997,purple
22.00447848,purple
22.99699649,pink
11.68313161,black
12.32273697,green
9.919421311,red
11.33376393,red
19.57746369,black
10.78072169,red
9.515831717,red
19.35469274,pink
7.547933349,blue
10.50084342,white
15.43334604,red
13.52631057,purple
22.02073785,red
9.365009621,green
19.1833544,black
17.66688083,red
18.2041723,pink
23.55587847,pink
16.59009717,black
8.40776681,white
11.05254629,red
9.230694537,black
7.912030548,green
20.98705916,purple
10.84032619,magenta
24.26337565,red
12.27267731,red
20.60494459,black
10.74634909,red
21.02167013,blue
17.41482501,blue
24.07772499,black
15.79372218,white
13.42084366,red
10.69904057,magenta
5.795196673,purple
12.38966164,red
15.9109355,pink
10.99269222,red
9.418920142,blue
19.64342996,pink
17.59671217,green
19.89796229,blue
22.32311686,red
20.0104484,red
17.73234964,magenta
17.88261756,green
12.54732515,pink
11.49339797,green
16.46930013,blue
22.40585481,purple
13.01160104,red
20.75207736,red
18.59647901,red
20.1647528,pink
15.60442346,red
12.35383425,red
19.73911628,green
24.15283924,blue
13.33602766,magenta
21.32694527,white
14.56917447,purple
15.72177814,black
12.73533585,black
10.08413869,purple
10.21157282,red
24.5899847,red
9.166050469,pink
18.91947098,red
21.88594377,magenta
12.93444077,red
8.198424594,black
22.5192744,magenta
7.829090582,red
20.47279056,black
20.07871676,pink
10.07091833,magenta
16.54927103,red
12.27126255,red
18.76441994,red
8.516148474,pink
19.81432081,red
19.06634588,magenta
10.67351319,black
7.425068507,purple
25.17522255,red
10.22410772,magenta
10.9258371,red
18.17833073,purple
11.09906565,red
13.66497561,purple
9.726978029,pink
14.55938005,red
10.11371829,pink
19.79468321,green
18.96480318,white
9.05541922,purple
22.16640913,purple
17.40626205,purple
11.81257064,magenta
8.735500796,pink
8.798041741,pink
17.67228753,red
9.646551099,red
6.802973603,magenta
21.86882432,red
6.917197442,blue
11.97466116,magenta
9.548942136,red
22.90785274,green
8.475082118,blue
11.15688461,red
9.221939896,blue
9.353201671,black
16.89441087,green
18.15311049,red
15.70620709,red
10.10123244,pink
21.06189991,red
19.92391947,pink
17.68708501,blue
11.46489366,red
8.696543803,magenta
14.09548251,black
23.2630797,red
17.78762361,red
5.79808499,magenta
8.857612619,magenta
9.000485828,purple
23.82867069,pink
22.14770051,pink
20.93798745,blue
17.26162433,white
18.1276692,white
17.36795024,white
18.73236978,red
8.38962733,red
10.67197087,red
10.23567509,purple
20.04090044,pink
10.21368359,red
18.56810603,blue
9.636231939,blue
12.36308279,red
12.66605661,green
9.028637155,purple
9.18218856,magenta
15.78391051,black
8.05169016,purple
15.13570082,red
18.26306586,blue
12.32224867,purple
10.5194878,red
21.07793869,red
23.62957105,purple
9.757165584,purple
17.85734678,black
7.791745223,white
20.02167355,white
9.713407408,white
19.07836762,green
11.22003718,purple
18.36152017,red
18.1007966,red
16.58532618,red
9.807750271,black
13.39733236,red
9.106175086,magenta
12.29526937,black
12.35357859,blue
20.00477956,black
18.05970249,purple
21.34860645,purple
28.35194638,red
11.67943832,black
8.107990908,purple
10.22346739,red
18.92898422,purple
17.61879167,red
11.21198129,red
14.79563869,blue
19.98668377,purple
21.06215845,magenta
22.03365373,red
8.33685577,blue
26.06230889,red
20.39920836,purple
21.48161644,green
9.144525879,purple
18.42819409,white
8.252932131,green
19.62807946,black
10.2034949,white
8.426949165,purple
22.61424399,magenta
11.77953695,green
18.22804252,red
10.83204275,blue
24.0793512,white
9.705553909,red
21.88902498,purple
10.87631418,red
6.973984446,magenta
17.01381401,red
15.66789873,green
18.316986,red
11.70316774,black
24.61652931,pink
7.939083848,red
6.950484042,red
20.80177914,red
10.68638208,purple
11.54693697,purple
19.93667817,white
18.93203773,black
6.509722363,purple
19.91093367,red
14.07686551,pink
22.67812014,green
8.178001624,blue
20.83264207,red
22.32208393,white
17.0644501,red
8.119279886,blue
14.30777282,red
17.96524193,pink
10.18320872,red
10.3870853,blue
20.02658053,purple
11.22877948,red
18.87548409,pink
19.13386815,pink
19.17450336,blue
26.12002231,black
15.50240383,pink
7.908070889,red
20.55474907,red
8.138893368,white
8.252629563,white
10.38823182,pink
19.20778166,red
24.53509245,red
13.35574571,purple
13.52296162,purple
11.68985439,red
7.705801149,magenta
11.50724528,green
12.31867814,magenta
8.114417607,black
27.00584028,white
18.75174229,red
21.47762784,green
18.33426697,black
17.90485697,green
23.91960044,green
10.71333624,pink
11.1878992,blue
17.55164151,blue
5.213128883,magenta
17.54845736,blue
9.32310671,green
10.13860667,green
14.70006666,purple
18.53644244,black
15.81317613,pink
8.791872037,black
6.65845609,red
17.44313041,white
7.116163695,purple
20.87807288,blue
10.29874608,black
7.617287001,white
13.55519885,purple
18.86125782,white
5.043138148,pink
16.68827197,green
12.92523838,pink
16.50301377,magenta
20.06516541,magenta
9.222374506,pink
15.92080847,white
20.07501366,magenta
16.88507733,red
13.41871459,pink
20.15982727,black
10.10679138,red
21.31954069,pink
13.48377887,red
19.03418668,black
15.85315956,black
23.28689274,black
12.6981522,green
8.613309203,blue
9.20374817,purple
9.829158247,purple
10.4617901,magenta
17.09665961,blue
12.05576233,red
23.06745884,red
11.40856179,red
10.01353696,red
7.299944548,red
17.3313163,purple
23.27878058,purple
9.372000705,green
7.916600725,red
10.46013683,red
10.75295929,purple
18.99942327,pink
24.22507508,red
9.880920013,red
17.15964744,black
9.710226567,pink
9.736894483,red
19.518373,red
22.76106441,pink
20.01747256,magenta
18.17488892,pink
19.4975259,blue
13.03497422,blue
15.70252591,red
8.121013199,black
12.00027504,blue
10.13794217,blue
4.641734895,magenta
10.30496084,white
7.421482838,red
22.36018927,red
17.42373527,pink
10.02547903,black
8.019256893,purple
19.61223074,black
12.72014981,purple
19.93132038,red
19.87845617,purple
21.20946137,black
8.000838412,magenta
17.9351378,purple
7.628659075,green
20.79015345,magenta
9.242288236,blue
23.40678588,magenta
20.59144224,purple
20.55275681,black
22.2155877,red
15.4937762,pink
9.664704689,purple
24.13655585,white
15.25802299,magenta
20.33802541,blue
21.86016483,purple
11.1934322,black
19.6293501,purple
13.97713219,red
8.466267256,purple
14.58685542,blue
17.22851702,black
10.8893425,white
9.898559324,purple
13.49978452,green
8.909814343,purple
24.08353639,red
24.73697881,red
18.55026844,white
12.39260616,black
10.94564649,red
4.081993452,white
7.413506666,red
8.259675263,magenta
17.46270345,red
9.491495062,purple
13.00976691,red
9.244281913,pink
19.96686427,red
18.46461818,purple
19.36194187,black
17.27917441,black
21.68118058,black
17.79884814,blue
19.31927571,purple
10.62674298,green
8.797963933,black
15.93323479,blue
9.976358478,black
9.689650095,red
12.26380133,red
22.73528569,blue
22.60950068,purple
10.07256078,red
7.829486922,red
19.90711394,red
7.42616325,magenta
17.54414724,pink
17.64900841,green
12.3280093,magenta
14.32761737,black
20.44440948,purple
9.862502569,red
24.94410885,blue
7.349434142,red
12.43285377,red
11.35094313,blue
16.88885528,red
9.252652238,blue
8.458576328,white
10.80457625,magenta
26.17642523,purple
23.88227109,purple
17.77287748,black
22.76227827,blue
12.43550151,black
10.81292312,purple
12.6726385,white
9.90287929,red
19.197633,black
10.12908005,black
7.040140259,purple
19.99467402,red
18.93581789,black
9.920294119,magenta
16.54779655,black
10.04904582,pink
11.07442581,green
23.81989372,purple
13.36019134,red
22.46344691,blue
10.78038248,white
12.75294539,blue
8.661487975,purple
20.44415519,blue
23.39220726,red
19.56943612,pink
20.5545439,magenta
7.217508064,white
19.75537055,white
15.05025941,purple
7.854661892,black
19.44328916,purple
9.386544761,red
14.39848684,green
9.387135509,black
13.13151652,red
23.85482782,black
18.72912921,pink
19.25173638,red
10.03549087,red
10.14254767,white
9.920525071,white
24.51003789,green
20.21591105,pink
22.68580702,purple
8.036793254,red
12.96896274,green
8.70006643,magenta
12.26096653,red
17.42549735,blue
17.24209496,purple
11.55402674,green
20.75512233,blue
10.519245,green
8.607284751,red
9.546184475,blue
9.676468269,blue
12.05352255,green
7.377625256,red
16.64963124,red
9.956767149,pink
10.684293,red
19.98136226,blue
10.67666016,green
10.0535033,white
6.083696451,red
13.63423464,purple
9.970840558,green
13.50313395,pink
9.459583318,black
18.86275894,red
16.40403883,magenta
24.27757549,black
7.495037061,blue
17.99178469,red
11.24588366,pink
22.75060947,magenta
21.11061192,white
13.62985718,red
22.23451204,magenta
9.559276257,red
23.92228025,purple
9.618308115,purple
11.20964872,green
17.76212651,red
9.405642477,pink
7.395343959,blue
22.29496048,red
10.82373519,blue
21.89262847,magenta
20.68231851,magenta
14.13692943,purple
8.890830445,white
10.52665472,black
6.247611161,red
15.49061407,pink
24.6436694,blue
13.5903017,green
9.168008359,pink
18.72727475,red
10.9246433,red
13.11548967,magenta
20.1060865,blue
22.70347441,purple
23.87679111,magenta
20.6528048,red
8.63221104,black
17.9656322,white
9.53397808,red
15.51876787,red
20.25563149,green
11.31891993,white
16.53713372,purple
16.58173921,red
6.770458112,blue
20.87839708,purple
18.30423055,purple
20.99089441,pink
10.91676846,white
9.037769438,red
23.46535129,blue
9.784713573,red
20.1512536,red
8.362091606,blue
16.54071454,magenta
21.07265234,green
14.10273995,red
13.21547977,magenta
19.40604704,magenta
21.16526667,blue
11.58582302,red
17.18396918,purple
25.38522,red
19.9952289,red
18.8401316,magenta
15.54429949,pink
11.58340603,purple
16.27611714,green
25.78387608,green
22.33870105,red
17.40414034,purple
14.74443717,pink
12.31434974,red
19.23866204,magenta
12.91355414,blue
7.373714174,red
19.08359034,magenta
23.35407249,red
10.21062677,white
7.174915541,red
9.047598006,red
12.0773775,black
20.3153389,green
8.933596076,blue
12.11615314,blue
22.77809489,pink
19.87204967,green
18.01396424,white
20.15351416,red
12.14568586,pink
21.34051836,black
7.253498276,magenta
9.831918602,green
11.14170407,blue
9.055322962,red
10.54930876,blue
19.15610901,purple
22.01419531,blue
10.91477199,green
24.23849655,green
19.3214778,pink
10.18096702,red
12.89650309,pink
22.78218921,red
11.44060848,green
11.56440707,purple
9.163375873,red
10.5551303,red
13.55938395,red
11.45835072,white
15.93224322,purple
8.709803664,red
12.52843231,red
24.85152761,pink
11.41491993,white
8.839079294,purple
13.02924154,red
17.65096179,pink
16.40408752,white
22.75941906,green
6.935177744,black
10.31993239,purple
18.49374982,red
20.13229549,red
18.46217174,red
24.30735695,green
9.195222841,blue
21.15547255,magenta
7.415584704,blue
22.25958784,purple
16.95954826,purple
16.99400445,purple
9.223785317,green
7.006221525,purple
21.94565298,black
9.470324215,red
11.91287402,magenta
7.100798934,purple
15.47277986,red
15.64768287,blue
15.30939758,green
10.56211532,black
7.591738007,blue
14.4915636,red
14.27680681,black
21.41279382,green
13.68323703,green
16.30419408,purple
1.23456789,red
10.03819407,red
8.728725098,green
14.30451046,magenta
10.74871187,red
12.39224089,green
11.46587218,white
21.20986157,pink
23.11302717,magenta
21.9215858,blue
23.12532631,magenta
8.804282508,green
19.995662,black
18.41368508,pink
12.48913735,red
19.5864573,green
25.07907238,pink
16.00628169,white
21.04582932,green
9.236075394,magenta
18.89938922,pink
17.80526323,purple
10.11625222,green
12.62770551,white
17.3690951,magenta
20.10424673,red
22.46075594,red
11.79593883,pink
12.83520651,red
4.122115154,white
21.64295148,blue
5.561602729,pink
8.15953276,black
12.48608474,white
8.07785626,white
17.57894748,red
21.48856958,green
11.35137658,red
20.83219826,green
13.76182837,red
20.26424847,red
18.46313309,magenta
23.46648697,magenta
1.23456789,green
9.841544652,magenta
9.626015864,red
8.056096313,red
17.67978551,white
12.19752856,red
25.89567499,pink
9.113379518,magenta
17.70941325,red
8.253042906,pink
12.32405121,red
18.31450655,green
18.42323657,pink
26.12340741,pink
16.60471033,blue
10.027113,red
9.806244575,blue
25.02788786,purple
20.77275309,red
18.48210756,black
23.41486996,green
9.3948586,white
8.790061917,red
15.53216583,purple
9.795025647,red
20.52002343,red
12.43145128,red
20.46554997,black
10.56544023,green
10.5655169,red
22.99201128,purple
8.337295732,red
7.650842209,blue
10.39075992,purple
23.16221218,white
10.07662253,magenta
22.00448741,green
10.24507743,black
24.22842515,red
10.81848235,green
16.22153169,magenta
8.684074793,white
21.84374789,purple
18.99200168,blue
23.11804798,green
21.76116122,blue
19.61925693,purple
1.23456789,purple
10.39452146,green
22.73730275,green
17.02500551,blue
9.764363713,red
10.45502882,magenta
12.83819393,pink
16.758284,red
21.18802708,green
17.2340715,purple
16.37428319,blue
9.767112636,red
12.10225006,red
25.32564905,red
23.58018594,red
19.26077221,red
14.48361932,blue
11.09331735,white
9.554035779,red
8.108533317,purple
18.01436554,magenta
7.925956752,red
22.41051748,red
18.45186004,magenta
10.03644826,purple
8.44979382,blue
11.59094754,green
12.13627487,red
21.1856542,red
20.70632696,black
19.49180426,red
19.60512705,red
22.26365788,red
19.42222886,pink
19.36235146,pink
24.77909456,red
15.80635896,blue
15.18551548,red
10.94333398,pink
9.34610807,blue
8.480274044,white
23.61537515,green
15.82411535,blue
10.82151118,white
9.518133445,black
12.02077818,blue
21.17209972,pink
21.89461331,red
10.22773101,magenta
8.960070082,blue
7.814579694,magenta
12.72366522,magenta
18.67103461,magenta
12.69976706,blue
15.73463258,white
13.68639665,purple
22.71026425,green
8.367612187,blue
16.68118008,red
20.82598609,green
13.4829107,pink
11.68031416,red
9.867021638,green
17.9428459,pink
9.231971162,red
22.70760701,red
6.944062017,black
20.33304502,purple
16.64074148,purple
10.22617578,pink
16.4713899,magenta
11.23394498,purple
19.04231171,red
8.729052338,blue
23.73860016,magenta
1.23456789,purple
18.38688899,red
18.04551392,purple
9.171587262,blue
8.251052786,blue
10.72371703,red
10.64101848,red
11.4199694,red
8.951849099,black
30,red
1,magenta
19.94379437,magenta
11.77393903,white
20.77958773,red
18.45970013,red
9.404233374,red
7.928850236,pink
25.80338126,blue
11.71015741,green
11.83959126,purple
20.58566145,purple
10.4197141,white
18.29563084,red
10.6904352,blue
9.584050551,red
11.96336048,white
20.42454353,magenta
9.058032583,pink
22.32451598,red
9.622127398,red
24.14641306,pink
8.428305655,green
12.5795609,blue
7.937270641,blue
10.80476896,pink
5.796970898,black
20.67231228,purple
11.17346354,pink
23.22325917,red
11.94368621,green
18.39861088,red
11.1346305,black
8.848044776,red
9.066356619,magenta
20.0079094,pink
9.501949595,red
21.03959206,white
11.26860372,pink
8.748670653,magenta
6.230813827,pink
22.71792441,blue
5.762709173,red
23.70718827,blue
19.28762551,pink
11.73055639,red
24.36219036,green
26.11892161,red
18.17641362,black
14.02410453,white
21.91892793,red
19.70246189,red
6.885595655,red
15.98444933,red
14.26449924,red
22.06962653,blue
10.85243563,purple
19.87822955,black
18.27558828,red
24.86317067,white
9.202703678,white
12.1161385,magenta
6.616708281,black
21.09338232,red
10.59041388,purple
17.32436988,red
11.1786787,red
15.22265705,black
8.829403389,black
9.249624917,red
8.900815413,black
8.052873019,pink
21.52209339,green
17.37245398,green
9.05708917,magenta
15.54806676,red
19.2711013,white
23.80163229,green
17.19059744,pink
12.7450088,black
10.52672326,blue
9.381539061,pink
9.187751956,white
9.380237185,purple
16.99128784,red
19.00133067,red
10.60833296,red
16.33997842,black
8.459830975,red
15.15416225,red
11.68421989,red
8.738767343,blue
12.43061546,pink
14.11488783,red
11.10157835,blue
12.28814957,blue
12.79775517,red
17.99915748,black
27.80968922,green
20.90679169,pink
10.14476369,purple
8.195478569,red
10.00694678,blue
10.6868386,red
17.18776007,green
13.72805066,magenta
15.14045754,white
16.04933352,green
24.69367725,magenta
16.96849333,green
10.53272104,red
20.28071949,green
23.89295731,red
20.88630455,green
15.89362539,green
20.24155701,green
10.72506864,white
11.87393476,pink
9.28432402,pink
11.11094985,green
17.1568631,blue
14.13241413,white
7.634152972,green
11.70563897,red
11.61764264,black
13.54304588,red
29.21625238,green
19.95696091,magenta
11.56161708,red
15.49081474,red
18.33848733,green
11.3145703,white
10.25199097,red
1.23456789,red
15.93589117,green
8.528880639,black
13.35647733,magenta
22.91452773,blue
11.11553914,white
11.98330352,blue
13.95748387,blue
19.44121844,red
12.79029918,red
19.3866723,black
19.03065088,purple
19.65638323,black
5.248013326,magenta
27.69125072,blue
21.78819361,green
18.43520097,red
14.94651593,red
9.067407417,red
19.24949355,green
9.499466098,red
11.30326714,green
19.49996588,purple
17.74471249,red
15.26979125,red
8.704396943,red
27.15624581,blue
8.344999818,purple
18.55151415,blue
3.967941917,pink
6.720584296,white
20.2508001,blue
8.647398508,magenta
8.337000653,pink
9.842362284,magenta
16.96798002,blue
16.39923912,black
5.538800897,red
19.02648915,green
9.394742907,pink
21.96635148,red
7.428144537,red
17.36888226,green
8.722704573,green
9.76686752,purple
21.2384855,red
21.91191399,green
11.30501524,white
9.924862506,purple
13.19638867,red
22.38091699,red
20.42571122,red
7.298315023,white
13.07033142,red
18.12482239,red
22.40292151,magenta
13.80361575,green
25.70135389,pink
22.41348165,purple
11.10758361,blue
21.2002294,red
8.590350962,red
8.113255875,purple
23.45086016,blue
25.88016816,purple
9.563865775,green
23.8738731,black
7.359929763,magenta
12.43554832,green
12.25384634,red
22.14666417,purple
10.14349334,purple
20.09042919,magenta
22.19985181,white
9.697359803,red
12.15872673,white
20.46335777,purple
22.20763501,white
9.921508103,pink
9.794928276,purple
23.54534608,purple
8.254837269,green
11.14373835,purple
10.83873141,pink
20.5050203,red
10.98984543,black
10.73507542,magenta
11.41714147,white
8.144072479,white
6.380637839,red
21.08787862,green
12.10137464,red
9.239624765,purple
8.398202137,red
21.23991589,purple
12.05970607,blue
8.722896329,white
13.80485526,red
7.134174674,blue
19.91267998,magenta
19.65979131,red
23.1951331,red
19.78117417,red
8.72102036,red
10.68053282,red
11.77488806,purple
21.49416564,red
23.2819253,red
9.056599535,green
8.976495646,black
9.407406547,green
10.50537166,purple
6.868969337,red
9.137605058,purple
12.07217587,red
9.948615256,green
8.05153626,red
6.667902852,blue
14.12718283,red
11.25684891,magenta
10.66295113,pink
15.78203595,red
9.959869449,red
22.49373036,black
11.09329317,red
10.2189908,white
8.960395323,red
10.12951203,green
17.91778336,blue
9.548086636,red
22.27508986,magenta
8.785500037,purple
23.13630548,white
9.986687197,white
22.10557605,magenta
9.729586824,red
19.0739353,pink
20.79204683,green
20.78970094,red
13.27879882,red
10.65217018,purple
21.78733661,magenta
7.309877954,magenta
7.638702162,magenta
13.66953508,white
17.40644486,red
21.04938396,white
17.87385235,red
18.67418671,blue
16.66256031,green
18.00056384,magenta
8.603043133,blue
17.03328702,red
8.079043349,red
21.86266251,red
18.95681512,red
19.60736688,pink
20.29720575,blue
10.87022729,purple
21.5307599,pink
11.81036713,pink
24.21818405,white
15.72014341,red
10.29951172,red
22.06114615,magenta
20.50627284,white
6.391092757,red
6.433737868,blue
6.817221243,pink
22.45343067,pink
23.72500975,white
12.17604102,red
22.59560981,blue
15.58642508,green
15.82534311,magenta
13.12996011,green
10.40147292,magenta
19.32840861,red
21.09148172,white
17.75007263,white
19.42464832,pink
12.9560199,pink
7.169572752,green
6.993030756,white
9.540377571,green
22.28618804,green
6.778102863,blue
20.76455727,magenta
8.700101879,pink
7.731880081,magenta
9.769646107,red
11.37035251,green
25.57233881,blue
21.55192356,red
10.62569263,red
20.12591162,blue
21.16801898,red
10.24529521,purple
23.77952157,black
9.825137764,red
11.30175734,red
7.779469248,pink
14.8491271,black
10.91293947,magenta
8.477899481,pink
9.947512681,black
14.83665898,red
10.2294351,magenta
7.951483541,purple
8.155336192,red
17.21520814,pink
17.47913565,blue
18.53034442,blue
11.31357308,magenta
8.214148092,purple
18.41621951,magenta
19.15938481,red
13.88650843,black
24.16351701,black
8.452146829,magenta
18.25128852,magenta
9.66899204,pink
9.936256939,white
19.08922945,white
21.9516688,pink
16.73195483,red
10.82381258,pink
21.03624337,red
20.62352167,green
10.56317053,red
17.33821076,blue
14.39030022,purple
7.182521722,green
20.66606859,black
15.53951988,red
21.58155263,purple
11.24041067,red
8.042103693,red
24.45485681,pink
9.438337499,red
13.6639273,purple
17.95234937,white
17.53489036,green
8.404411782,black
19.18087889,magenta
7.878617169,blue
18.1609812,black
7.547719783,pink
17.83042322,red
13.55928069,blue
10.71001199,black
20.63985963,purple
21.40336521,magenta
14.36489156,magenta
12.65955846,red
10.19744688,pink
18.56785539,white
13.7357799,blue
8.716084169,pink
17.99649838,blue
22.8409445,white
6.671363916,black
21.57946902,pink
9.909527962,pink
16.77735325,blue
8.378105036,red
22.95711353,green
5.446484729,white
10.62883865,white
22.91780153,red
19.3291859,purple
16.09280011,red
23.73425563,black
7.554194506,white
19.59013972,red
8.91325495,white
12.6915373,red
9.811426903,black
10.28667737,blue
11.35690646,green
14.99621564,blue
25.18790327,green
17.69587009,blue
10.67110035,red
8.283753574,blue
10.16703852,magenta
22.55334266,blue
18.47116435,magenta
8.976835562,blue
22.12748378,blue
9.405731719,red
6.994621162,pink
21.74415715,magenta
18.44455164,white
20.18854018,red
18.45300436,green
17.40776959,blue
26.8125942,black
21.26133325,white
20.33987536,magenta
6.917166837,green
10.70913644,blue
13.78767898,green
19.27627335,black
9.46960077,black
17.80004213,red
22.89002291,green
17.98395553,red
19.74128573,blue
14.0207289,green
8.441082868,black
22.89494224,red
11.95327153,red
22.79912084,red
18.26907478,magenta
11.98722803,red
10.05838718,black
12.60364835,red
17.87973763,magenta
11.20105351,white
9.374648754,black
11.66992003,magenta
9.905165022,purple
18.61379936,red
6.449716758,red
17.89947645,blue
17.61959164,black
14.77554173,purple
9.174142024,red
16.14520098,red
20.91225549,purple
12.16318794,red
22.4240656,black
21.50249804,purple
14.93473471,green
21.09359175,blue
21.26532234,purple
17.93687658,purple
19.03539974,white
18.16331204,green
16.5818103,white
8.071059715,purple
8.782732561,red
17.27354755,red
7.425031403,red
9.396106209,red
11.01317884,blue
21.19701829,green
12.24336821,purple
18.88654035,red
10.34425445,black
20.62256361,purple
19.60750066,black
22.86914527,blue
23.45670213,purple
8.597344526,white
8.618787921,green
10.79827461,red
7.432636566,blue
8.699620626,black
7.868730824,purple
9.335236469,red
20.82856889,pink
21.0315832,red
22.09696164,magenta
9.995591167,magenta
18.38324307,red
19.31172336,red
16.19016671,red
8.714182191,white
8.809890563,magenta
16.48509497,white
9.700948104,green
12.11789591,purple
22.20550529,black
23.95688406,red
9.003947354,red
22.86093324,red
22.68583012,red
11.61648224,blue
10.14834201,red
20.12746121,red
13.63344968,red
19.84258791,purple
9.963740292,purple
7.416601469,red
20.68031959,magenta
11.02185692,red
21.33411694,green
22.57802881,blue
12.24215132,red
21.51600447,red
10.75439339,purple
13.93849238,blue
21.25969593,blue
23.32686386,blue
23.22038449,red
23.91730749,purple
12.02460047,red
19.27732121,pink
8.959862795,blue
10.81829766,red
6.063858133,red
20.80942465,blue
7.017655722,magenta
11.38990945,purple
8.08027044,magenta
8.218055504,red
21.98426247,white
9.967727777,red
22.14225778,red
9.300079919,magenta
13.91350162,red
11.35531425,purple
22.69200197,red
6.936930519,red
12.90515219,black
7.52213719,blue
6.933645516,red
17.93422366,red
14.09278442,black
9.343909768,blue
17.97371596,white
19.82657483,pink
21.10399491,red
8.447725098,red
13.62325077,white
17.5076677,black
6.62853748,red
24.14177517,blue
12.70130784,green
20.42350529,pink
18.74979028,white
10.68597407,red
15.34128158,black
6.82594096,blue
20.97739777,magenta
8.248132258,white
22.88676382,magenta
8.767176325,green
10.49175088,pink
9.828173615,green
9.853642026,red
10.93037847,purple
16.61992646,green
15.86715045,blue
10.60895447,magenta
19.31186727,white
20.97506359,blue
11.9150706,green
11.73372526,red
10.37561037,purple
27.35930384,red
25.91743657,white
8.874650353,purple
19.61589177,red
12.96387175,black
8.339420856,white
11.37100529,red
13.24988608,red
18.87354724,red
10.85771679,purple
9.897568854,black
21.95894075,red
18.04438554,green
7.593217855,blue
17.7103876,red
15.64146317,magenta
14.84629883,red
12.20820978,green
9.548416024,red
8.912991522,purple
12.89935224,magenta
9.527026302,white
13.19314765,black
13.30869415,red
6.88808569,green
22.70049159,magenta
7.579206479,black
9.63496303,white
11.31816528,blue
12.75993374,red
14.54642456,red
18.52887209,red
15.33214842,black
8.976014812,purple
9.523836718,white
19.88619316,red
10.53377797,white
9.46373365,red
20.41008631,purple
22.55405526,purple
18.2209531,green
20.29546079,purple
17.86240561,purple
19.45832867,red
18.93755204,magenta
6.944242714,red
20.00154928,pink
18.26039861,red
9.394727215,red
8.242031087,purple
24.64262762,black
6.875828473,red
17.9995605,magenta
17.44707619,pink
15.56250071,red
7.506150742,black
22.66010942,red
7.360779209,pink
9.68087178,black
13.5134423,green
8.691220339,purple
9.760960416,blue
10.45122185,red
6.553670047,green
8.080180382,purple
10.73608667,white
19.94577118,black
18.42818829,green
13.98905052,red
9.005742338,red
8.589690337,red
11.86271067,purple
20.92202826,black
20.28365166,magenta
8.887091096,red
7.126674216,magenta
18.78689826,green
19.89544423,magenta
19.14345749,white
22.4232906,magenta
11.65225879,purple
17.64938243,pink
21.89327346,red
10.80070861,red
13.85503386,blue
26.28630675,red
22.35264526,black
14.28128848,red
19.69388508,white
8.744890846,pink
8.390906618,green
9.707410694,green
16.45739591,white
18.00832364,magenta
11.08330626,red
11.96008644,red
25.99147309,red
19.99724751,white
7.537524325,magenta
18.17907999,black
9.630149638,purple
19.83750586,red
21.13294773,red
17.07479115,black
6.447075196,green
21.23153372,red
18.50805661,red
24.8347764,red
19.40888803,black
18.90670805,pink
10.82903005,magenta
21.3759936,pink
8.35694369,black
4.989081836,white
9.416824658,red
22.21913386,blue
20.75216757,purple
10.05228021,purple
9.694227107,red
10.53017017,red
8.530436578,purple
10.73893724,red
21.57014897,red
18.45613683,purple
22.05769247,red
16.99292831,blue
14.0387658,blue
25.11298301,red
21.52518984,black
8.879682124,white
15.31115482,red
16.60568415,red
24.00795054,red
15.16926758,magenta
19.43986925,red
15.27702473,red
20.04602612,purple
23.41851711,purple
13.26963801,red
17.56639188,red
18.56597661,red
16.62323385,blue
9.470103466,pink
9.824336232,magenta
17.44449828,pink
18.82144662,magenta
10.52725105,red
12.60797144,blue
17.03540304,magenta
4.710763363,white
21.62172629,black
25.44896519,red
7.364448316,blue
20.6518404,black
20.86833255,magenta
15.36095719,white
23.63672229,magenta
11.20223084,white
9.071189396,black
8.53387305,white
15.13669357,red
9.761874085,white
21.5806173,black
9.153936885,green
19.21575366,white
17.80211006,blue
9.899102046,red
21.27894022,blue
5.875881791,pink
12.17926874,green
18.76545961,red
21.53954382,black
19.63099341,green
13.19472014,black
21.55102276,white
16.97494159,white
22.5684507,red
17.67002401,green
10.15552777,red
13.08642189,red
6.0004183,purple
9.178724175,pink
19.15719794,green
7.615898002,magenta
19.49403951,white
8.113182828,white
20.65861679,purple
10.74675422,blue
9.521258609,purple
10.01582289,red
20.44042749,pink
23.45319411,magenta
9.413362506,purple
9.088140915,red
10.14742666,red
12.16067716,purple
19.61701439,purple
9.439994715,purple
9.739724815,black
9.704883096,white
22.2867091,magenta
12.23564783,red
7.470647879,purple
17.77071952,purple
9.384663986,magenta
16.47892439,blue
22.15051135,blue
19.35517547,pink
23.87343332,white
10.95595654,blue
15.43300382,white
23.17173457,white
11.88830763,green
18.98204599,purple
10.73860819,black
22.62093521,magenta
20.94943899,red
7.942512932,purple
8.109281639,red
20.50928113,purple
14.34899584,black
12.13166524,green
10.01841031,blue
19.82031073,pink
10.79165928,green
19.00789593,red
15.37732271,purple
10.14254964,black
10.80011765,red
14.1973429,black
7.123930385,white
10.74608678,red
11.60030195,blue
18.34373496,pink
21.82698508,red
11.05626052,blue
9.342522543,black
19.68797582,red
23.38624154,red
16.49304847,white
18.09119232,purple
15.97392837,red
26.46829612,red
20.40318196,pink
9.821011976,red
10.15563247,red
19.47258909,green
11.32236927,black
15.04259326,red
14.65377837,black
23.99948556,red
14.89537721,white
22.34136372,purple
20.24987946,magenta
7.763174493,magenta
22.16714833,red
11.7256006,magenta
21.03986808,white
15.6203213,white
8.711647689,pink
22.13670603,red
20.83130075,black
11.7158714,white
17.70748159,red
25.29834482,pink
12.21049599,white
17.46511369,purple
9.946166049,black
20.1309353,pink
29.36383433,red
9.350003728,blue
25.08308635,black
27.20444319,magenta
8.174319107,black
24.06597225,black
20.89702449,red
17.71879863,red
19.65450296,white
8.261356847,red
7.972004985,green
8.368163866,red
18.2352081,blue
10.365712,pink
18.77758653,blue
9.302998896,white
11.24491761,black
12.97648088,black
8.913525886,red
20.40002361,white
6.166867421,pink
7.530553755,pink
16.78293979,green
16.74673241,blue
24.4562326,pink
19.58171379,black
20.46643033,green
6.175833688,green
10.06977506,black
6.627320906,green
19.06415691,red
10.25734689,red
14.1658245,red
11.84512193,magenta
7.299626797,magenta
19.65412898,black
23.8069855,red
18.12739351,red
7.572493054,red
18.94718451,red
9.751456669,blue
19.30718198,red
14.92463579,red
14.88151845,red
17.87338181,black
16.14432394,red
8.773058652,pink
11.98906651,white
23.30585304,black
10.76980602,black
23.31944791,white
14.56192743,purple
11.75544933,black
11.32790937,green
21.73816662,blue
9.695386349,blue
22.68760555,magenta
8.568666221,red
8.521855399,purple
18.76487502,red
23.90010143,magenta
9.094833979,blue
12.26650621,white
20.58899165,green
10.88356737,green
23.15597678,white
21.86016,purple
22.30567378,red
19.70548361,pink
10.64800147,white
9.011715026,pink
9.475160499,pink
9.43755821,green
14.90601163,white
8.136418962,red
21.49960993,magenta
15.11365829,magenta
21.44482094,green
16.22760275,purple
8.531570703,purple
11.73785616,red
6.111283188,magenta
10.84234817,red
11.81388603,red
25.00029871,blue
7.942518209,green
12.82943074,red
7.922528307,blue
8.344259802,red
23.43868458,red
19.84570119,black
1.23456789,red
21.45993949,red
20.01910878,white
23.46051746,red
12.91041762,blue
10.83195474,pink
16.91211373,white
12.71717223,red
21.09218673,black
10.20178921,red
20.99448507,white
23.51135599,white
18.749743,white
10.99168708,magenta
16.44507608,red
17.85816355,blue
19.96918233,red
8.727516204,magenta
18.86248309,purple
26.53239123,pink
22.63929482,magenta
20.37194834,purple
10.58006192,magenta
19.99460812,red
10.16101893,purple
20.40626028,red
22.8594896,magenta
18.30268983,red
11.82631774,pink
10.97375405,red
19.56764548,white
15.78682084,red
19.03369437,magenta
18.11404663,red
8.484980832,black
9.847894476,white
16.80579197,green
15.5287739,blue
9.676996752,blue
11.13146583,black
8.577023388,red
8.610258156,red
20.13811347,red
22.47729946,red
17.70512385,red
18.47287365,red
23.82918417,magenta
22.70776712,white
12.27819814,pink
21.63877259,magenta
24.93234319,red
10.96766613,magenta
17.47355683,pink
15.97792732,green
21.84292104,magenta
20.17812621,white
19.39924656,pink
19.91964074,magenta
17.41226228,red
20.99503011,red
8.738866109,blue
20.41033883,white
10.05654033,red
8.677848258,red
10.24828875,red
17.0384465,blue
19.67733925,blue
12.23762166,white
14.46608851,red
7.119262922,red
8.756483551,red
21.77807391,black
19.08151863,purple
21.21738674,purple
21.67202887,pink
16.88874254,magenta
20.73747622,magenta
10.82774143,red
10.13237993,red
11.77468141,red
10.21661791,blue
9.803507131,red
17.68608108,red
20.95126612,red
21.73906244,pink
20.54767657,red
21.67922887,magenta
13.79534581,red
21.22932822,white
22.23825662,blue
23.71113653,red
15.55886343,magenta
23.51250472,black
22.31582881,red
12.08273907,red
20.97703974,green
26.71419517,red
21.484941,red
10.91856373,purple
14.83429707,magenta
19.87821221,red
22.49322033,black
8.053827727,pink
22.37173783,green
18.77852989,red
11.38304283,blue
9.313750946,white
9.893053462,green
10.11309142,white
9.285461793,blue
10.27087496,pink
9.725426068,red
8.655642845,pink
10.41391389,pink
8.131366397,magenta
14.36721184,black
20.05204705,green
20.43081281,purple
11.28736215,blue
23.10044208,red
12.23881064,magenta
7.860318261,red
18.45238586,magenta
12.44549558,blue
18.2447511,blue
20.92732395,red
7.185854041,red
11.77534416,red
18.04780714,red
15.03138886,pink
18.34793782,red
7.815362207,red
15.18931675,purple
8.993095978,red
14.65263481,red
7.715313525,black
17.67240341,blue
20.77370639,blue
13.57245374,green
24.7047554,red
10.64314075,purple
22.49951678,red
10.57351896,black
20.9531732,pink
10.14557852,magenta
20.03130977,black
10.83207256,red
7.038742815,red
21.38724231,black
9.48560552,pink
10.26557381,red
12.9686852,blue
22.53621118,red
10.98009661,green
14.42862196,red
20.74515397,red
23.66171103,blue
8.536293533,red
20.28167858,magenta
12.14246677,pink
10.08438923,pink
9.894982365,red
20.88491165,pink
18.35019215,white
19.16542284,black
23.57222622,white
10.16512906,white
11.23104634,blue
23.94433024,red
6.649303172,purple
7.88215511,magenta
15.3260932,red
11.1448771,purple
12.07077325,magenta
20.08315124,red
7.868231986,blue
19.69463282,red
24.23902034,red
25.32644069,green
19.35195768,white
7.408297959,pink
12.06433833,blue
9.554495486,white
13.67598595,purple
23.33962023,blue
13.69138841,blue
9.145858809,green
18.07986274,blue
12.60716754,blue
22.61163899,white
6.695549011,blue
10.2556233,pink
10.79881775,red
9.584675619,blue
9.703630723,purple
19.27325367,purple
22.33956913,pink
9.619112529,pink
17.81793281,red
17.43965735,red
21.55751341,black
25.37579737,blue
9.218625659,red
10.26516968,red
11.03776538,magenta
24.32474624,blue
21.28439151,red
22.03735751,red
6.368286631,white
8.89951997,blue
11.00631712,red
9.382146742,pink
18.31064988,red
22.52407561,blue
9.579915768,white
18.89049932,purple
9.971177271,green
11.32798018,purple
19.6565845,red
25.38971807,blue
20.9726555,red
9.737272351,green
4.736992492,red
7.006580825,red
26.19085902,red
22.39036983,red
11.92453567,green
11.10705493,white
18.55827765,green
21.58809822,red
13.05597631,red
7.672746205,pink
12.96179282,purple
17.1749598,blue
10.69316971,purple
16.54049879,magenta
20.97018941,magenta
18.42157514,red
10.83539745,black
20.69575682,red
13.01315556,black
13.09972489,pink
21.45926382,white
17.61016708,black
16.63100348,green
19.49490835,red
19.56769642,red
24.23764318,blue
23.12496079,white
18.18687776,blue
21.6406169,white
7.619353004,red
7.986840033,red
11.81829764,red
25.69600077,red
14.07179837,red
19.51619608,red
21.69441413,red
17.52352804,magenta
22.18095572,magenta
17.24697464,magenta
9.838743992,blue
12.99711515,green
23.45103268,white
9.048800271,purple
5.981383987,red
9.67480673,blue
8.935185347,red
12.73505394,pink
11.25490996,pink
10.42873425,white
7.819216037,black
26.19146873,purple
24.41269396,red
13.44424404,red
7.12118827,red
21.82854064,magenta
11.11699476,red
9.245913849,magenta
22.5544668,purple
7.149874685,purple
12.76037964,pink
10.74204616,black
22.95012057,green
11.77021138,purple
8.138290104,purple
10.64528421,magenta
18.57990158,green
10.97158896,blue
16.40254101,purple
11.7584892,red
8.10752363,black
23.98749987,red
9.113096985,red
15.86650075,purple
11.6531122,magenta
22.57889311,blue
5.275642359,blue
19.63166006,white
6.475116826,pink
8.598857782,white
22.46980094,red
18.65899757,purple
19.92188503,red
9.75465049,red
18.46052574,red
11.27949746,red
9.188205623,blue
19.12933979,white
10.64867954,magenta
11.96253101,magenta
10.61597842,red
7.505083523,red
21.53634673,red
8.402841845,black
10.52238647,green
16.70499885,pink
9.715068019,magenta
12.03285602,purple
10.90173556,red
20.33235314,pink
9.26450416,magenta
9.303988768,black
9.640513237,green
10.16264284,purple
24.33107039,pink
20.23587717,red
22.72883213,red
8.46377629,magenta
11.82924528,pink
8.416272088,pink
23.17242451,black
12.3811503,white
8.369233889,green
10.82350638,red
10.82202825,red
9.59338192,magenta
14.06139701,red
19.60146773,red
11.77401614,magenta
7.269495941,magenta
21.44495614,purple
22.41841428,white
11.07304061,magenta
23.18702484,green
8.541055915,red
20.69983383,pink
8.741185494,blue
22.2801995,purple
22.01728442,pink
23.01806295,green
19.32200436,red
18.19570989,red
9.80280184,red
9.936211397,purple
17.25448673,white
10.7918439,red
16.99832919,purple
10.7770178,magenta
9.823097214,red
14.590842,magenta
10.79487087,white
24.06115974,red
9.330714042,black
21.21206305,green
11.48343106,red
22.80656357,pink
20.51568848,magenta
10.71229434,blue
8.568853676,black
14.83881754,magenta
11.22513754,blue
10.119599,red
17.23624346,pink
19.75565598,green
11.13954144,green
13.33935253,magenta
25.0591208,red
21.00325458,red
17.62614786,magenta
19.3246238,white
11.59150742,blue
9.61516024,blue
11.99180197,red
22.83076928,red
11.92813125,purple
8.763635099,red
18.48286562,white
15.96206775,purple
19.67870468,red
11.46376355,red
9.43416934,white
18.61846768,red
17.92829684,blue
6.739364202,pink
20.13442438,blue
25.26910067,white
10.14959067,red
14.10144774,blue
21.53428487,green
20.96856235,white
11.03684459,magenta
15.11221696,red
17.75086923,white
7.849024265,magenta
22.35756587,blue
21.01989757,red
23.80048267,white
18.23699307,purple
7.678334844,white
22.07085633,black
12.36721945,red
9.354950184,blue
13.12267465,blue
9.657116524,magenta
21.20464738,blue
20.31652093,white
21.72307493,purple
9.896464772,green
12.38338165,pink
11.73023251,magenta
9.286870324,green
19.75121067,purple
29.9275598,green
8.572031587,white
9.232221268,white
20.82918914,red
18.42098342,red
8.548606831,green
11.53624684,purple
9.805003615,red
8.860840699,black
10.06881866,green
13.1128087,red
10.90207348,red
15.91659955,green
21.79159499,white
10.41844206,purple
19.79092591,white
18.73961964,blue
13.63248705,red
5.536415027,blue
19.16932617,red
11.84892596,pink
19.99814075,magenta
12.26258985,blue
8.795335647,purple
10.14665127,white
7.490791604,white
17.40428021,red
11.99600297,green
8.732145166,white
18.09111612,blue
16.4494562,black
13.61836467,black
19.96037525,red
9.55171249,black
14.00574895,blue
7.331642841,red
11.72837566,magenta
22.06725322,blue
10.12606232,pink
9.512496701,white
14.03845193,magenta
7.599712326,red
17.89274698,pink
21.06052356,red
22.51232033,blue
21.41274507,red
24.86700733,white
21.19954288,magenta
11.61387549,red
9.35869188,blue
10.31651929,black
8.264101013,purple
22.67298465,magenta
8.65263652,red
16.69254976,green
15.84362768,green
11.41537943,black
15.22326566,black
12.33244415,purple
11.91022075,pink
8.935707184,green
8.724034839,white
18.32246751,magenta
16.9064009,purple
9.911503161,green
16.06508369,magenta
20.79629215,black
12.56963816,blue
28.62366722,pink
18.72839637,green
7.499835383,magenta
10.83901944,blue
8.48359148,pink
10.8274041,white
8.504930908,magenta
20.4233861,green
22.33969767,red
19.93448455,red
11.4693007,blue
15.98152112,magenta
10.72637883,purple
23.0420863,magenta
20.15787632,white
23.08332893,white
8.776931164,blue
7.411128309,red
20.79398682,white
12.04121845,purple
8.834711776,purple
20.20050772,red
19.5354469,red
18.53823242,green
13.08699975,red
9.52527803,red
13.53550128,red
14.63017424,pink
19.15611924,purple
19.18675133,white
24.68100807,red
12.27684935,red
18.8407414,purple
19.05087078,red
9.936768513,white
11.15806962,blue
19.452546,red
18.13879384,black
7.808723508,red
9.601648358,white
7.533157714,magenta
10.05541171,purple
18.8310337,red
22.26785439,green
21.38823607,red
12.25097244,red
19.61368924,blue
18.55994802,magenta
23.00860092,pink
16.71827522,pink
19.6041901,red
17.1858575,red
16.81562727,black
18.25222772,white
19.7578391,red
7.598101938,red
7.153649698,pink
23.96785541,red
12.53827418,red
24.82183034,blue
22.46467317,magenta
20.62852224,pink
10.01543649,white
19.38544412,red
22.79972583,blue
9.7459655,red
8.514567333,black
17.5883096,blue
7.725681069,green
17.07771483,pink
8.295630426,pink
12.85664297,red
8.702270594,magenta
7.492614997,red
26.81258156,black
18.9792349,magenta
9.658909969,white
9.169355928,red
25.24170995,white
10.49399134,red
13.5392832,red
7.86020588,white
18.49048243,white
19.2223265,magenta
16.41137213,purple
23.28692646,blue
9.357596551,red
10.61453483,red
10.61246078,red
7.933505421,black
16.73582294,red
17.32202432,blue
18.10734579,green
15.07329861,red
17.92935219,green
22.62544669,pink
10.4710016,white
7.477850897,black
9.553071249,white
22.4716338,white
10.76335045,green
7.695510101,red
18.03997739,red
9.524539369,pink
17.67984657,blue
20.75414949,purple
6.367222473,pink
18.68142071,white
9.913355708,magenta
16.33623429,white
10.72129029,green
9.594539095,red
5.947548681,magenta
18.6467017,black
8.193190687,red
9.174897123,black
19.5405224,red
18.32228019,pink
20.30504036,pink
21.66839839,purple
11.1083932,red
7.274333501,red
22.29084443,black
20.50737339,green
9.4972461,white
11.52592338,white
9.208612872,magenta
18.3326355,red
8.276151635,white
8.111140788,white
13.4392739,blue
11.77360679,magenta
24.58011863,magenta
20.89955794,red
8.389533044,red
11.35241031,red
22.04764807,blue
7.781916433,magenta
8.708605868,blue
15.14667208,green
10.50410335,magenta
10.81588028,black
7.08802792,blue
11.64541009,red
7.45541253,black
7.784581511,red
6.351705378,white
7.007594327,pink
17.19834979,magenta
20.84843503,red
10.22955516,magenta
10.55007064,black
9.549632902,pink
6.881277899,purple
10.56250377,red
13.82699482,red
24.11698263,red
8.218397895,purple
19.68999418,purple
8.101350379,magenta
19.33307553,magenta
19.58689494,red
19.16681481,magenta
7.170951912,white
15.49353419,green
14.03072644,blue
19.14532546,white
14.55680737,blue
19.41847653,purple
7.066869354,pink
9.907451687,red
19.02851498,red
27.1384349,black
22.56518802,black
7.587217441,red
11.34682444,white
17.95921499,white
20.48558014,red
18.6363146,pink
13.65767847,red
10.31653346,purple
10.93429752,blue
9.778864899,green
17.50750006,green
15.02875532,red
21.83204664,green
20.77898639,green
17.20933774,red
13.94183777,blue
22.15967552,magenta
8.307338606,white
21.19019529,red
10.92106893,blue
21.36661213,red
21.10635084,white
9.036116813,red
16.50706478,white
17.89931616,red
10.8479049,pink
9.09561898,green
10.85438397,red
10.2926087,blue
18.96592002,blue
22.69137983,red
7.930633172,white
21.95019321,red
9.200679945,purple
11.37956075,red
9.928620386,pink
20.98244433,red
19.55247424,white
21.72154476,pink
22.48349123,magenta
21.65489079,red
17.92374278,pink
22.04457427,black
18.39840653,red
7.546723121,red
19.611141,blue
7.022200155,green
8.770848908,purple
18.84299141,white
7.701535037,pink
8.130799245,black
11.97450763,white
12.58880074,magenta
10.39474315,red
9.076347389,pink
13.34034167,red
21.33572785,green
11.19479038,blue
24.72612585,green
18.93313944,green
9.33216399,magenta
18.1912963,black
22.82096026,green
12.32611842,black
24.01707799,red
18.34962015,black
10.65884386,magenta
8.461117539,magenta
18.96145781,purple
9.142028029,red
20.32375143,green
7.036108071,red
9.328668026,red
24.20477001,magenta
13.32016581,black
15.00720535,black
11.11078895,purple
20.49719728,red
21.26693256,blue
9.442165779,green
10.88460667,green
18.09878244,purple
12.65086977,green
10.06829825,pink
21.25888075,red
17.88860404,green
23.69590406,magenta
21.20172665,purple
24.91485906,red
24.51958588,red
11.60708513,magenta
12.58026605,green
7.540280319,blue
10.51005169,red
14.35493902,green
23.27974191,red
8.713492903,red
19.97215138,white
6.319404632,red
12.38872064,white
20.16654568,blue
18.63404588,blue
11.09141123,pink
18.05289076,magenta
19.92809246,white
11.37249267,blue
18.55253372,black
9.973548159,black
21.15918445,black
23.44287852,blue
20.72376059,green
18.0169757,black
8.908084686,blue
9.017190127,white
18.0764334,green
15.21162232,red
11.53771978,red
13.37591797,pink
18.11349711,magenta
8.145747833,magenta
16.26277149,black
12.12530349,blue
21.03674078,blue
20.85555194,black
25.07719906,blue
22.40316552,black
22.62679637,red
9.358486829,pink
11.41597644,purple
20.23284433,red
19.47480875,red
9.80339154,red
16.50926581,blue
16.17540176,white
7.280621266,red
17.4512389,green
18.64365079,green
17.87314564,white
11.09440409,black
20.20551317,purple
16.62521382,magenta
15.02978104,black
19.92256813,red
11.21069688,blue
16.95614725,blue
21.07138337,green
10.22504483,black
10.82163407,magenta
11.96243951,green
22.19407857,red
14.79933929,red
8.797958441,red
21.16593441,red
12.98594477,green
6.522762504,black
19.29369239,white
10.8367496,green
24.2628029,white
9.072228749,red
6.050207078,red
22.99679006,red
16.60019515,pink
14.04341884,white
21.78318743,purple
19.14556836,pink
11.29558049,green
10.77006,magenta
11.93941448,red
11.43119949,green
8.787710443,blue
13.03968856,pink
20.83097953,blue
10.09161137,blue
10.3565872,red
24.04058997,red
7.599325964,black
20.3388356,white
20.25436407,green
12.21030649,pink
9.516086959,red
16.02596665,black
10.78396525,white
19.61640327,purple
9.237507513,white
18.62834631,red
17.62128644,pink
8.316349721,black
12.86973864,blue
11.85478762,pink
11.40704867,blue
15.31795155,green
9.160104708,pink
21.29971149,white
22.7597302,red
16.43359874,blue
10.28332858,pink
24.34737881,red
21.22065508,red
13.03173778,magenta
20.48303702,red
13.59200567,magenta
23.48760724,black
9.734750725,purple
20.93530455,pink
16.31441291,pink
11.55524186,black
10.73289198,magenta
8.581028442,blue
20.05901451,red
21.48514124,red
9.160743965,red
24.60947142,blue
8.556737955,white
11.64171397,red
7.239698159,red
24.80081979,white
22.24973805,red
23.26224626,magenta
19.98260941,green
11.62188071,red
11.62568868,red
23.2454268,red
21.05052814,red
15.40123933,red
24.31215668,red
8.871567193,red
23.06717686,magenta
7.467135842,red
21.90936355,red
19.22204813,red
14.98286319,pink
22.92391101,red
21.34510732,white
22.85827834,pink
14.0704136,red
14.70552396,blue
10.94243963,red
12.6682049,red
19.78401669,black
15.82445369,green
9.228485349,red
7.988888623,magenta
22.07134728,black
9.308263591,black
11.39064245,purple
21.44780535,red
25.05218008,pink
11.60951709,blue
10.18082932,magenta
19.08401853,purple
22.04494954,white
24.66454921,magenta
20.20810347,white
8.225743591,purple
17.32593214,magenta
8.393740524,blue
10.56627361,red
16.61070797,magenta
9.261885797,magenta
25.34446032,magenta
21.08336058,green
10.92262882,black
8.934540638,black
21.14540377,red
23.06613667,magenta
20.59714157,red
13.72355097,white
10.19064963,pink
19.00821524,red
9.262070446,red
17.78752454,red
9.182985754,red
16.18778667,white
9.817500966,purple
16.64886308,white
20.26667834,red
8.269781668,purple
18.7437327,red
18.90189569,red
23.97510059,pink
11.29132231,white
12.28870117,red
17.33526303,purple
11.61439374,blue
20.41262126,black
4.952845884,red
11.51189831,purple
11.51046337,magenta
19.76245879,white
9.795800723,red
19.90168483,pink
23.05950938,purple
21.68259674,black
18.25149419,magenta
10.88086619,green
11.64272543,pink
17.95161619,pink
9.663090763,red
11.70202303,green
7.440217568,red
18.55155225,blue
8.49207467,red
18.04625448,magenta
16.72152981,green
19.52452916,magenta
10.16936658,black
8.023983115,green
10.52728612,red
15.3989759,pink
17.16972319,red
9.968383504,red
11.08520246,black
9.511448353,blue
22.2125883,green
7.837478188,red
13.40014444,black
24.21882251,red
19.81846878,red
8.951605231,white
11.18578081,blue
26.14466613,white
10.31263276,purple
1.23456789,pink
8.559273692,green
17.21108142,red
22.06927789,red
19.577466,purple
12.4252792,red
17.0251611,pink
6.013844969,red
23.58193386,black
12.40872713,magenta
21.31335251,black
8.293965505,pink
15.77347329,blue
19.46918265,green
9.718549143,red
19.62228427,red
7.540255342,red
21.45544523,red
9.940743042,green
12.10285091,red
8.96739643,magenta
10.1755169,red
22.42784188,magenta
20.95306185,pink
7.665858465,red
15.38590511,black
17.09714511,purple
7.500052063,red
10.55636811,green
10.62358207,green
20.47381834,pink
21.0771296,white
16.72771449,blue
9.276106498,magenta
15.05675257,red
9.115462691,red
13.5741095,magenta
10.62101202,purple
8.4671082,green
7.688206611,white
16.49133068,blue
12.00703602,red
21.29042915,blue
8.398771974,red
15.89224201,pink
19.14185498,pink
14.75509762,blue
20.07557703,purple
23.46013992,red
10.28663159,black
7.598891249,blue
12.36320123,black
6.873861245,red
19.00025535,pink
21.36298968,magenta
11.04164194,green
18.99289598,white
21.20015693,red
13.08277685,red
7.902340797,red
15.08655249,red
11.21899365,green
18.591833,green
11.11706101,green
20.19164214,magenta
8.745903824,blue
21.25097629,red
11.60299049,blue
11.25588569,pink
22.00203021,purple
8.048711106,red
9.940921621,white
10.53283903,pink
9.489534396,white
20.82004038,red
11.16227709,white
16.57184367,pink
8.975569761,red
10.40667043,green
19.9134354,magenta
20.89103405,purple
19.87919331,blue
9.006343439,green
20.75628027,purple
21.57084629,magenta
19.89456741,white
12.77977998,magenta
18.05571342,pink
11.41090799,white
22.18841207,green
18.79661247,black
8.315727704,pink
7.903412769,magenta
18.33582179,red
17.45612797,red
5.925835594,purple
14.90682211,black
11.55298081,pink
15.4572307,red
17.6248809,white
10.17119103,green
11.43428091,blue
17.15247397,black
21.95441512,black
8.733414509,red
22.37973584,pink
20.52573376,black
9.380645168,pink
17.67102354,pink
12.00342655,magenta
17.41516239,red
9.921653951,pink
8.824525462,black
12.21459434,magenta
22.87801721,magenta
23.912809,red
11.22255359,green
9.483796254,red
21.56988772,red
9.992356415,white
12.32134474,black
11.09218522,blue
7.554358948,pink
8.429111978,pink
10.01404963,red
24.29491269,black
16.50092136,red
9.888588254,pink
6.084450845,pink
11.9051751,black
22.14763425,magenta
12.31181075,red
20.74656598,pink
14.33293083,magenta
18.17686247,red
10.1971262,purple
8.49909493,red
20.67184102,red
13.11814916,white
23.12991871,green
17.03880362,pink
10.43912153,red
10.60778873,red
22.15502929,red
21.32479893,magenta
17.36046635,red
11.18433407,white
10.80364009,red
23.75394307,black
6.866355291,red
22.72326569,red
23.82383188,red
20.96567574,red
22.33137709,pink
18.48608323,black
20.57629504,red
7.559141694,blue
19.96686474,purple
18.60001673,red
19.33960848,purple
23.93314281,magenta
20.30320489,blue
8.71858665,red
18.09495088,white
8.4728199,green
10.86562019,pink
21.4056619,magenta
18.72122165,green
20.28502829,green
9.007048311,green
7.026557537,red
9.979853788,white
11.12571491,red
9.017498731,blue
22.29107729,red
7.089834082,black
20.96649628,white
9.042165966,red
21.27796597,purple
16.52084865,red
13.31132206,red
16.25183075,white
10.50352106,red
9.70186285,red
7.907147841,magenta
17.13971136,magenta
19.89051769,green
11.35059434,red
8.39782049,green
19.46241677,purple
10.2381246,green
24.2321769,red
8.460586678,magenta
12.23382366,magenta
11.94410825,black
8.050189799,green
18.42205557,purple
9.623171357,blue
9.256723134,red
9.273482764,red
21.67736829,purple
22.79976452,pink
9.54329362,green
21.71652085,black
9.19065268,red
12.08170267,red
9.975018783,magenta
16.52721577,white
17.16263803,pink
11.45234373,magenta
15.7566071,red
19.36157139,magenta
8.542162053,green
25.09004516,white
9.458329441,red
10.59082373,black
21.25537938,red
9.506430956,red
20.78417661,green
13.29950884,purple
7.538758045,blue
20.95120849,blue
12.0959287,blue
8.512553971,purple
19.1271394,red
23.93866136,purple
9.338732121,white
12.04851035,pink
10.40021165,blue
19.05201157,green
12.76039947,white
20.55396216,blue
14.73575225,magenta
21.68635712,magenta
10.77970457,white
24.01540531,black
15.37145999,white
24.5519162,black
10.99933952,red
17.14389942,blue
14.0597066,magenta
11.62775118,blue
12.68286508,purple
12.00254691,blue
23.33474631,pink
7.277206624,pink
20.51853495,black
8.175935823,white
22.72781732,red
11.65899742,magenta
6.924261755,white
18.8355533,black
13.28852108,black
19.57222514,pink
21.08898263,green
15.50952662,pink
18.00218012,black
13.44696139,red
20.88494796,red
18.83961742,green
19.4870017,purple
24.49133359,blue
23.29439375,green
18.10606275,purple
23.15828472,pink
6.767720146,blue
16.27595135,magenta
11.64549542,red
20.00840122,pink
12.90585304,black
16.46944107,red
13.073308,purple
19.97631611,white
21.86638037,purple
9.602791625,blue
23.03703935,black
19.0346416,red
25.9549893,pink
12.77654266,red
10.40013673,red
7.026219356,magenta
17.36770688,blue
17.45259887,pink
20.40068112,green
21.44329869,blue
18.6555024,purple
20.05198434,magenta
13.67963609,black
8.227256007,pink
10.05611826,pink
15.16359349,magenta
17.24271125,blue
10.17940027,white
23.23077579,magenta
6.039701006,red
16.62768827,pink
23.14436974,red
16.86094058,purple
9.178991601,purple
20.01049305,red
13.11376454,red
23.74782288,red
17.33450195,black
10.51892927,red
13.82224354,red
7.56571886,black
11.14998648,green
13.2531906,magenta
21.2881784,pink
10.0663237,purple
23.7163036,black
10.53433271,red
23.46221196,blue
10.22142521,blue
19.52832863,red
18.98157462,black
8.989863527,magenta
12.6037575,pink
23.35903812,blue
10.74164094,white
22.1225322,blue
22.21029844,blue
4.966121909,white
24.75761791,black
20.23031064,purple
20.34202509,purple
20.41061166,purple
22.12676472,red
19.59860591,red
12.32511089,green
9.961746015,pink
19.37046102,purple
11.40769089,red
10.14909344,magenta
17.28458053,red
7.958305123,red
21.36769645,red
21.50300963,magenta
11.43617026,purple
19.21382831,white
20.35040647,pink
11.85646599,magenta
12.24524986,pink
10.45877551,green
21.32695122,white
9.138138916,black
10.16371227,pink
19.71333126,black
11.50022838,pink
16.7058233,green
9.052730397,red
13.18557169,red
11.02022091,magenta
8.929784118,blue
23.70975712,pink
11.78512914,green
9.352522774,green
25.25158522,red
12.36122331,magenta
18.79963048,red
10.76903657,red
17.82484944,red
21.48938515,pink
12.78299848,blue
11.46590781,purple
22.89024768,pink
9.273849876,red
20.48898809,purple
23.46744597,red
19.77843884,red
9.416205334,red
23.89498483,red
10.55904624,pink
17.51127633,magenta
14.19570273,black
25.59922885,red
9.941850694,magenta
20.80384531,white
14.89745203,red
9.405870179,red
16.99069957,blue
8.06472005,red
10.43286837,purple
24.25156509,green
7.612260207,purple
14.68314283,pink
20.52550969,red
9.698413665,green
20.60078899,white
17.74575587,red
8.398580741,white
9.012001453,pink
23.51415655,white
26.17905252,white
10.09601689,green
9.470070141,red
7.147292333,red
20.11744589,magenta
10.99865141,pink
20.15125237,black
10.12706122,white
8.810516342,black
20.85441642,pink
10.47752381,red
8.221032042,red
18.78516718,blue
7.455532089,red
21.7530602,purple
22.69891181,red
16.91892814,red
20.67562471,black
19.9560266,blue
20.18217289,purple
5.917508541,red
9.316820714,black
18.86533758,pink
21.30572421,purple
13.7761366,green
9.295385257,red
8.068792749,purple
22.96881242,white
20.49314434,black
20.2514952,magenta
12.95601428,blue
7.633538934,green
9.024145391,purple
11.26539442,red
19.31311321,white
10.22755495,purple
22.46554844,white
21.81975449,green
10.88323475,magenta
9.166641267,pink
15.99344901,pink
22.63056386,red
22.29205585,magenta
18.83523359,green
9.746261637,green
11.7789726,green
15.883481,red
11.4455617,blue
8.899524512,red
19.20108871,green
11.6759575,red
19.28773818,pink
11.40312996,red
17.5495476,pink
10.2990495,white
8.515733433,blue
23.41812836,white
8.515589289,blue
18.71242529,black
11.68601207,pink
12.82791289,red
10.81513729,blue
10.75438469,white
11.86154032,magenta
19.66351213,pink
10.61500453,red
6.799669999,red
10.38715162,red
7.57444045,pink
20.31910779,purple
24.63946325,magenta
9.448442368,green
16.57480187,blue
19.95906922,blue
15.09238487,green
9.73548987,red
10.57988952,magenta
23.53337604,magenta
12.6006222,red
18.02043988,red
9.337597263,green
18.67720319,purple
18.00682272,red
11.03916897,magenta
9.36531033,purple
9.335417928,magenta
9.450305666,red
25.24603903,green
10.68620376,green
9.631729781,purple
10.66547235,purple
18.8124794,red
19.72016648,red
9.126624819,red
11.20699007,red
19.73870043,blue
9.116418923,green
20.15596854,green
16.77782891,white
6.891874404,blue
5.855981216,red
18.84760866,red
24.42111332,pink
11.41867193,purple
24.10966022,red
17.88307162,white
16.78462546,blue
18.69474432,black
10.47355766,red
20.58242841,black
22.71648418,pink
22.75233221,blue
18.68847238,blue
19.63767374,black
10.32648212,blue
9.948848789,blue
19.85038381,white
15.98486459,red
8.509508765,green
10.77262649,red
17.26978126,red
26.84041371,pink
14.57759356,red
9.830848664,green
8.037304358,purple
8.202973518,black
10.21236487,red
17.18034922,pink
15.37499099,red
12.43195865,red
9.974582717,red
11.26378551,red
17.65895641,purple
20.70162797,red
4.901462488,white
9.357041934,red
21.4718156,red
7.980958497,red
15.98119517,green
10.01610481,red
11.77847842,black
9.391761826,magenta
1.23456789,red
12.05342869,magenta
14.3401072,white
18.45367109,green
9.971924481,white
18.92111424,red
10.75063376,red
26.21564351,blue
9.294879941,black
15.38725902,purple
8.168633241,red
16.34197132,red
19.28497936,black
25.55714586,red
22.24169586,red
9.734463467,magenta
20.839421,white
16.89863064,magenta
9.821703708,black
13.45871421,green
9.778008597,white
24.80163285,green
20.71554156,black
18.03501605,green
8.154323736,white
17.04012632,pink
9.963686327,blue
9.075374232,purple
24.33979232,white
10.45127887,blue
14.40490422,blue
21.80865373,green
19.89095691,red
19.45779722,white
11.28078909,blue
9.820605081,green
11.29367899,green
13.3896809,black
21.37332066,red
10.85002518,black
5.832753153,red
9.396186851,magenta
23.65703675,black
13.17110992,red
20.05738772,green
6.968190749,red
10.86257017,green
16.19611973,black
18.71304259,blue
22.99369716,black
21.29036245,magenta
9.443832442,purple
16.41726603,red
8.975675589,pink
10.41940777,red
19.55299718,purple
12.28019527,black
19.30328975,black
19.42695934,blue
26.93812765,red
19.15160913,green
17.71980413,red
10.27247846,purple
23.80580546,red
9.428125943,black
24.31972178,black
7.321739922,purple
13.20041354,black
23.66979502,black
18.96128488,red
26.38038278,red
19.77834253,black
17.59909392,green
18.66819187,black
22.34150199,white
9.403786329,black
11.37341269,white
24.30082451,green
22.47637287,pink
9.438310232,red
10.15902852,pink
24.54097253,blue
22.1369753,green
18.36195275,white
19.46092668,pink
11.34988239,red
24.19686512,red
9.617472921,pink
9.949329527,purple
17.37846658,green
7.640569228,white
11.33574587,white
9.366339538,pink
8.876601929,white
13.39708499,purple
8.69786862,pink
18.26019379,black
20.3575939,white
9.733306725,black
20.77499395,pink
10.2903901,white
12.34715844,black
8.454909818,purple
9.067259476,blue
15.14187139,purple
21.11672618,purple
17.48772117,magenta
10.57788439,blue
12.58597855,blue
10.12794196,white
13.0603499,blue
15.66414501,blue
10.83225478,black
19.49411069,magenta
19.42768249,blue
25.21432024,red
16.64320265,red
21.65698112,white
13.23265486,magenta
8.040298179,pink
19.71829023,magenta
10.27874992,purple
11.21100465,purple
7.479681258,pink
22.20979908,blue
19.40942853,pink
10.06670485,pink
13.26538972,pink
19.49713855,red
19.87397693,red
15.10665847,red
10.12761649,red
7.452803049,red
16.1042773,blue
21.26609137,magenta
9.927829327,blue
16.95553262,red
10.16251344,red
18.77441467,blue
6.601736942,white
17.30832816,red
7.586746248,red
8.33674797,magenta
20.75309779,red
17.30503672,pink
6.79820376,black
20.56691444,pink
19.44791455,magenta
8.31481036,black
6.082710081,red
